origin_date,target,target_end_date,horizon,location,output_type,output_type_id,value
2026-03-25,ILI incidence,2026-03-22,1,AT,quantile,0.01,1472.380645226958
2026-03-25,ILI incidence,2026-03-22,1,AT,quantile,0.025,1582.51087084287
2026-03-25,ILI incidence,2026-03-22,1,AT,quantile,0.05,1682.2587365258312
2026-03-25,ILI incidence,2026-03-22,1,AT,quantile,0.1,1803.254931765673
2026-03-25,ILI incidence,2026-03-22,1,AT,quantile,0.15,1888.6373397013358
2026-03-25,ILI incidence,2026-03-22,1,AT,quantile,0.2,1958.7110280730653
2026-03-25,ILI incidence,2026-03-22,1,AT,quantile,0.25,2020.4242098997247
2026-03-25,ILI incidence,2026-03-22,1,AT,quantile,0.3,2077.1231483012616
2026-03-25,ILI incidence,2026-03-22,1,AT,quantile,0.35,2130.7601411455257
2026-03-25,ILI incidence,2026-03-22,1,AT,quantile,0.4,2182.646145856056
2026-03-25,ILI incidence,2026-03-22,1,AT,quantile,0.45,2233.7762067202075
2026-03-25,ILI incidence,2026-03-22,1,AT,quantile,0.5,2285.0000000000005
2026-03-25,ILI incidence,2026-03-22,1,AT,quantile,0.55,2337.1323658094143
2026-03-25,ILI incidence,2026-03-22,1,AT,quantile,0.6,2391.04701757066
2026-03-25,ILI incidence,2026-03-22,1,AT,quantile,0.65,2447.783224833484
2026-03-25,ILI incidence,2026-03-22,1,AT,quantile,0.7,2508.7016584065514
2026-03-25,ILI incidence,2026-03-22,1,AT,quantile,0.75,2575.757728111406
2026-03-25,ILI incidence,2026-03-22,1,AT,quantile,0.8,2652.0588297987083
2026-03-25,ILI incidence,2026-03-22,1,AT,quantile,0.85,2743.2024007910622
2026-03-25,ILI incidence,2026-03-22,1,AT,quantile,0.9,2861.3208087650623
2026-03-25,ILI incidence,2026-03-22,1,AT,quantile,0.95,3043.6216996729754
2026-03-25,ILI incidence,2026-03-22,1,AT,quantile,0.975,3208.9404952046534
2026-03-25,ILI incidence,2026-03-22,1,AT,quantile,0.99,3409.846092903562
2026-03-25,ILI incidence,2026-03-22,1,BE,quantile,0.01,22.42808634521029
2026-03-25,ILI incidence,2026-03-22,1,BE,quantile,0.025,28.404455597569058
2026-03-25,ILI incidence,2026-03-22,1,BE,quantile,0.05,34.268136687493005
2026-03-25,ILI incidence,2026-03-22,1,BE,quantile,0.1,41.90337510809071
2026-03-25,ILI incidence,2026-03-22,1,BE,quantile,0.15,47.60726088707147
2026-03-25,ILI incidence,2026-03-22,1,BE,quantile,0.2,52.46932353253152
2026-03-25,ILI incidence,2026-03-22,1,BE,quantile,0.25,56.87856365056649
2026-03-25,ILI incidence,2026-03-22,1,BE,quantile,0.3,61.02944220883896
2026-03-25,ILI incidence,2026-03-22,1,BE,quantile,0.35,65.0403060019398
2026-03-25,ILI incidence,2026-03-22,1,BE,quantile,0.4,68.99486900667708
2026-03-25,ILI incidence,2026-03-22,1,BE,quantile,0.45,72.96078789969654
2026-03-25,ILI incidence,2026-03-22,1,BE,quantile,0.5,76.99999999999997
2026-03-25,ILI incidence,2026-03-22,1,BE,quantile,0.55,81.17613672622211
2026-03-25,ILI incidence,2026-03-22,1,BE,quantile,0.6,85.5616758276288
2026-03-25,ILI incidence,2026-03-22,1,BE,quantile,0.65,90.2470398102549
2026-03-25,ILI incidence,2026-03-22,1,BE,quantile,0.7,95.35480591544771
2026-03-25,ILI incidence,2026-03-22,1,BE,quantile,0.75,101.06545688669598
2026-03-25,ILI incidence,2026-03-22,1,BE,quantile,0.8,107.67069915038032
2026-03-25,ILI incidence,2026-03-22,1,BE,quantile,0.85,115.70262584004887
2026-03-25,ILI incidence,2026-03-22,1,BE,quantile,0.9,126.327020835557
2026-03-25,ILI incidence,2026-03-22,1,BE,quantile,0.95,143.162265111055
2026-03-25,ILI incidence,2026-03-22,1,BE,quantile,0.975,158.84505431232103
2026-03-25,ILI incidence,2026-03-22,1,BE,quantile,0.99,178.3787403763236
2026-03-25,ILI incidence,2026-03-22,1,CZ,quantile,0.01,11.168447108409966
2026-03-25,ILI incidence,2026-03-22,1,CZ,quantile,0.025,12.336205395190465
2026-03-25,ILI incidence,2026-03-22,1,CZ,quantile,0.05,13.437743351030942
2026-03-25,ILI incidence,2026-03-22,1,CZ,quantile,0.1,14.830365709388373
2026-03-25,ILI incidence,2026-03-22,1,CZ,quantile,0.15,15.85061197904719
2026-03-25,ILI incidence,2026-03-22,1,CZ,quantile,0.2,16.71129893972384
2026-03-25,ILI incidence,2026-03-22,1,CZ,quantile,0.25,17.486843538535833
2026-03-25,ILI incidence,2026-03-22,1,CZ,quantile,0.3,18.213932602723617
2026-03-25,ILI incidence,2026-03-22,1,CZ,quantile,0.35,18.91464866262988
2026-03-25,ILI incidence,2026-03-22,1,CZ,quantile,0.4,19.6044700452057
2026-03-25,ILI incidence,2026-03-22,1,CZ,quantile,0.45,20.29581604797347
2026-03-25,ILI incidence,2026-03-22,1,CZ,quantile,0.5,21
2026-03-25,ILI incidence,2026-03-22,1,CZ,quantile,0.55,21.728616329474157
2026-03-25,ILI incidence,2026-03-22,1,CZ,quantile,0.6,22.49486974057976
2026-03-25,ILI incidence,2026-03-22,1,CZ,quantile,0.65,23.315262570607203
2026-03-25,ILI incidence,2026-03-22,1,CZ,quantile,0.7,24.212234096773543
2026-03-25,ILI incidence,2026-03-22,1,CZ,quantile,0.75,25.218959558262554
2026-03-25,ILI incidence,2026-03-22,1,CZ,quantile,0.8,26.389331050246174
2026-03-25,ILI incidence,2026-03-22,1,CZ,quantile,0.85,27.82226961223672
2026-03-25,ILI incidence,2026-03-22,1,CZ,quantile,0.9,29.73628625495221
2026-03-25,ILI incidence,2026-03-22,1,CZ,quantile,0.95,32.8180103221101
2026-03-25,ILI incidence,2026-03-22,1,CZ,quantile,0.975,35.74843202367021
2026-03-25,ILI incidence,2026-03-22,1,CZ,quantile,0.99,39.486241526623886
2026-03-25,ILI incidence,2026-03-22,1,EE,quantile,0.01,142.59504863280185
2026-03-25,ILI incidence,2026-03-22,1,EE,quantile,0.025,154.42282758028597
2026-03-25,ILI incidence,2026-03-22,1,EE,quantile,0.05,165.18382396069825
2026-03-25,ILI incidence,2026-03-22,1,EE,quantile,0.1,178.29321346330386
2026-03-25,ILI incidence,2026-03-22,1,EE,quantile,0.15,187.57810458362928
2026-03-25,ILI incidence,2026-03-22,1,EE,quantile,0.2,195.21789535970413
2026-03-25,ILI incidence,2026-03-22,1,EE,quantile,0.25,201.96008986505254
2026-03-25,ILI incidence,2026-03-22,1,EE,quantile,0.3,208.16545822368371
2026-03-25,ILI incidence,2026-03-22,1,EE,quantile,0.35,214.0450204705244
2026-03-25,ILI incidence,2026-03-22,1,EE,quantile,0.4,219.74094609649035
2026-03-25,ILI incidence,2026-03-22,1,EE,quantile,0.45,225.36160433720895
2026-03-25,ILI incidence,2026-03-22,1,EE,quantile,0.5,231
2026-03-25,ILI incidence,2026-03-22,1,EE,quantile,0.55,236.74580202491597
2026-03-25,ILI incidence,2026-03-22,1,EE,quantile,0.6,242.69563921691358
2026-03-25,ILI incidence,2026-03-22,1,EE,quantile,0.65,248.96492968200957
2026-03-25,ILI incidence,2026-03-22,1,EE,quantile,0.7,255.70526630505626
2026-03-25,ILI incidence,2026-03-22,1,EE,quantile,0.75,263.13500472286046
2026-03-25,ILI incidence,2026-03-22,1,EE,quantile,0.8,271.601719459393
2026-03-25,ILI incidence,2026-03-22,1,EE,quantile,0.85,281.7323137955355
2026-03-25,ILI incidence,2026-03-22,1,EE,quantile,0.9,294.88716643442933
2026-03-25,ILI incidence,2026-03-22,1,EE,quantile,0.95,315.2439383897214
2026-03-25,ILI incidence,2026-03-22,1,EE,quantile,0.975,333.7568211490191
2026-03-25,ILI incidence,2026-03-22,1,EE,quantile,0.99,356.3164519971155
2026-03-25,ILI incidence,2026-03-22,1,FI,quantile,0.01,23.718769022827857
2026-03-25,ILI incidence,2026-03-22,1,FI,quantile,0.025,26.590032109076773
2026-03-25,ILI incidence,2026-03-22,1,FI,quantile,0.05,29.335978267918385
2026-03-25,ILI incidence,2026-03-22,1,FI,quantile,0.1,32.85563440511357
2026-03-25,ILI incidence,2026-03-22,1,FI,quantile,0.15,35.46591152844157
2026-03-25,ILI incidence,2026-03-22,1,FI,quantile,0.2,37.68759658444539
2026-03-25,ILI incidence,2026-03-22,1,FI,quantile,0.25,39.70419636982113
2026-03-25,ILI incidence,2026-03-22,1,FI,quantile,0.3,41.60696185782681
2026-03-25,ILI incidence,2026-03-22,1,FI,quantile,0.35,43.4514630253158
2026-03-25,ILI incidence,2026-03-22,1,FI,quantile,0.4,45.27726680057597
2026-03-25,ILI incidence,2026-03-22,1,FI,quantile,0.45,47.1167411235763
2026-03-25,ILI incidence,2026-03-22,1,FI,quantile,0.5,48.99999999999999
2026-03-25,ILI incidence,2026-03-22,1,FI,quantile,0.55,50.958532842981064
2026-03-25,ILI incidence,2026-03-22,1,FI,quantile,0.6,53.028819309593494
2026-03-25,ILI incidence,2026-03-22,1,FI,quantile,0.65,55.25705771060281
2026-03-25,ILI incidence,2026-03-22,1,FI,quantile,0.7,57.70668880377143
2026-03-25,ILI incidence,2026-03-22,1,FI,quantile,0.75,60.47219738780515
2026-03-25,ILI incidence,2026-03-22,1,FI,quantile,0.8,63.70796276754225
2026-03-25,ILI incidence,2026-03-22,1,FI,quantile,0.85,67.6988098296737
2026-03-25,ILI incidence,2026-03-22,1,FI,quantile,0.9,73.07726797770536
2026-03-25,ILI incidence,2026-03-22,1,FI,quantile,0.95,81.84489291859462
2026-03-25,ILI incidence,2026-03-22,1,FI,quantile,0.975,90.29699513527078
2026-03-25,ILI incidence,2026-03-22,1,FI,quantile,0.99,101.22785030239909
2026-03-25,ILI incidence,2026-03-22,1,FR,quantile,0.01,17.97974467314566
2026-03-25,ILI incidence,2026-03-22,1,FR,quantile,0.025,22.455616336822175
2026-03-25,ILI incidence,2026-03-22,1,FR,quantile,0.05,26.77967467080416
2026-03-25,ILI incidence,2026-03-22,1,FR,quantile,0.1,32.328433388339825
2026-03-25,ILI incidence,2026-03-22,1,FR,quantile,0.15,36.42266608304124
2026-03-25,ILI incidence,2026-03-22,1,FR,quantile,0.2,39.88270355384655
2026-03-25,ILI incidence,2026-03-22,1,FR,quantile,0.25,42.99896617757015
2026-03-25,ILI incidence,2026-03-22,1,FR,quantile,0.3,45.915406285394745
2026-03-25,ILI incidence,2026-03-22,1,FR,quantile,0.35,48.71870537833911
2026-03-25,ILI incidence,2026-03-22,1,FR,quantile,0.4,51.46934007094225
2026-03-25,ILI incidence,2026-03-22,1,FR,quantile,0.45,54.21537259464522
2026-03-25,ILI incidence,2026-03-22,1,FR,quantile,0.5,57.000000000000014
2026-03-25,ILI incidence,2026-03-22,1,FR,quantile,0.55,59.86681865175284
2026-03-25,ILI incidence,2026-03-22,1,FR,quantile,0.6,62.86473393957531
2026-03-25,ILI incidence,2026-03-22,1,FR,quantile,0.65,66.05403783165849
2026-03-25,ILI incidence,2026-03-22,1,FR,quantile,0.7,69.5157516693758
2026-03-25,ILI incidence,2026-03-22,1,FR,quantile,0.75,73.36842370858827
2026-03-25,ILI incidence,2026-03-22,1,FR,quantile,0.8,77.80276589909336
2026-03-25,ILI incidence,2026-03-22,1,FR,quantile,0.85,83.1653278869749
2026-03-25,ILI incidence,2026-03-22,1,FR,quantile,0.9,90.21260699960192
2026-03-25,ILI incidence,2026-03-22,1,FR,quantile,0.95,101.28208712344778
2026-03-25,ILI incidence,2026-03-22,1,FR,quantile,0.975,111.49738640145497
2026-03-25,ILI incidence,2026-03-22,1,FR,quantile,0.99,124.10558407695747
2026-03-25,ILI incidence,2026-03-22,1,GR,quantile,0.01,330.88048175372523
2026-03-25,ILI incidence,2026-03-22,1,GR,quantile,0.025,368.80376928957196
2026-03-25,ILI incidence,2026-03-22,1,GR,quantile,0.05,404.8785455405079
2026-03-25,ILI incidence,2026-03-22,1,GR,quantile,0.1,450.8712901255421
2026-03-25,ILI incidence,2026-03-22,1,GR,quantile,0.15,484.81898568742173
2026-03-25,ILI incidence,2026-03-22,1,GR,quantile,0.2,513.6133552990699
2026-03-25,ILI incidence,2026-03-22,1,GR,quantile,0.25,539.6755172075236
2026-03-25,ILI incidence,2026-03-22,1,GR,quantile,0.3,564.205292260039
2026-03-25,ILI incidence,2026-03-22,1,GR,quantile,0.35,587.929964855699
2026-03-25,ILI incidence,2026-03-22,1,GR,quantile,0.4,611.3641598042899
2026-03-25,ILI incidence,2026-03-22,1,GR,quantile,0.45,634.9256678927414
2026-03-25,ILI incidence,2026-03-22,1,GR,quantile,0.5,659
2026-03-25,ILI incidence,2026-03-22,1,GR,quantile,0.55,683.9871530809862
2026-03-25,ILI incidence,2026-03-22,1,GR,quantile,0.6,710.3474959000248
2026-03-25,ILI incidence,2026-03-22,1,GR,quantile,0.65,738.6611092472374
2026-03-25,ILI incidence,2026-03-22,1,GR,quantile,0.7,769.7215994915595
2026-03-25,ILI incidence,2026-03-22,1,GR,quantile,0.75,804.7076181019421
2026-03-25,ILI incidence,2026-03-22,1,GR,quantile,0.8,845.5407078484636
2026-03-25,ILI incidence,2026-03-22,1,GR,quantile,0.85,895.7590622905077
2026-03-25,ILI incidence,2026-03-22,1,GR,quantile,0.9,963.2039331647782
2026-03-25,ILI incidence,2026-03-22,1,GR,quantile,0.95,1072.6204309498291
2026-03-25,ILI incidence,2026-03-22,1,GR,quantile,0.975,1177.5394834943174
2026-03-25,ILI incidence,2026-03-22,1,GR,quantile,0.99,1312.501111272063
2026-03-25,ILI incidence,2026-03-22,1,HU,quantile,0.01,140.11200787055137
2026-03-25,ILI incidence,2026-03-22,1,HU,quantile,0.025,168.64618483557868
2026-03-25,ILI incidence,2026-03-22,1,HU,quantile,0.05,194.1231891946531
2026-03-25,ILI incidence,2026-03-22,1,HU,quantile,0.1,224.4843035193243
2026-03-25,ILI incidence,2026-03-22,1,HU,quantile,0.15,245.52785351756776
2026-03-25,ILI incidence,2026-03-22,1,HU,quantile,0.2,262.5571330253151
2026-03-25,ILI incidence,2026-03-22,1,HU,quantile,0.25,277.3737282905363
2026-03-25,ILI incidence,2026-03-22,1,HU,quantile,0.3,290.8375463958238
2026-03-25,ILI incidence,2026-03-22,1,HU,quantile,0.35,303.44387988756984
2026-03-25,ILI incidence,2026-03-22,1,HU,quantile,0.4,315.5191364920644
2026-03-25,ILI incidence,2026-03-22,1,HU,quantile,0.45,327.3046991168643
2026-03-25,ILI incidence,2026-03-22,1,HU,quantile,0.5,338.9999999999999
2026-03-25,ILI incidence,2026-03-22,1,HU,quantile,0.55,350.78932072164326
2026-03-25,ILI incidence,2026-03-22,1,HU,quantile,0.6,362.863108290306
2026-03-25,ILI incidence,2026-03-22,1,HU,quantile,0.65,375.4406594122698
2026-03-25,ILI incidence,2026-03-22,1,HU,quantile,0.7,388.8017028202357
2026-03-25,ILI incidence,2026-03-22,1,HU,quantile,0.75,403.34033779891456
2026-03-25,ILI incidence,2026-03-22,1,HU,quantile,0.8,419.6734483205672
2026-03-25,ILI incidence,2026-03-22,1,HU,quantile,0.85,438.89862242552766
2026-03-25,ILI incidence,2026-03-22,1,HU,quantile,0.9,463.367136722396
2026-03-25,ILI incidence,2026-03-22,1,HU,quantile,0.95,500.186976142239
2026-03-25,ILI incidence,2026-03-22,1,HU,quantile,0.975,532.6400189136968
2026-03-25,ILI incidence,2026-03-22,1,HU,quantile,0.99,570.9557538116568
2026-03-25,ILI incidence,2026-03-22,1,IE,quantile,0.01,3.119903133882239
2026-03-25,ILI incidence,2026-03-22,1,IE,quantile,0.025,3.4583645131385268
2026-03-25,ILI incidence,2026-03-22,1,IE,quantile,0.05,3.7786854195148174
2026-03-25,ILI incidence,2026-03-22,1,IE,quantile,0.1,4.184987367474681
2026-03-25,ILI incidence,2026-03-22,1,IE,quantile,0.15,4.483520800772071
2026-03-25,ILI incidence,2026-03-22,1,IE,quantile,0.2,4.735901489802793
2026-03-25,ILI incidence,2026-03-22,1,IE,quantile,0.25,4.963714119324989
2026-03-25,ILI incidence,2026-03-22,1,IE,quantile,0.3,5.177621198097227
2026-03-25,ILI incidence,2026-03-22,1,IE,quantile,0.35,5.384058117316115
2026-03-25,ILI incidence,2026-03-22,1,IE,quantile,0.4,5.587552174976589
2026-03-25,ILI incidence,2026-03-22,1,IE,quantile,0.45,5.791752503384357
2026-03-25,ILI incidence,2026-03-22,1,IE,quantile,0.5,6
2026-03-25,ILI incidence,2026-03-22,1,IE,quantile,0.55,6.215735216407078
2026-03-25,ILI incidence,2026-03-22,1,IE,quantile,0.6,6.442892857667289
2026-03-25,ILI incidence,2026-03-22,1,IE,quantile,0.65,6.686406278605615
2026-03-25,ILI incidence,2026-03-22,1,IE,quantile,0.7,6.952999963232146
2026-03-25,ILI incidence,2026-03-22,1,IE,quantile,0.75,7.252633639766425
2026-03-25,ILI incidence,2026-03-22,1,IE,quantile,0.8,7.601509464990806
2026-03-25,ILI incidence,2026-03-22,1,IE,quantile,0.85,8.029404033053828
2026-03-25,ILI incidence,2026-03-22,1,IE,quantile,0.9,8.602176503515528
2026-03-25,ILI incidence,2026-03-22,1,IE,quantile,0.95,9.527122796219004
2026-03-25,ILI incidence,2026-03-22,1,IE,quantile,0.975,10.409544703351516
2026-03-25,ILI incidence,2026-03-22,1,IE,quantile,0.99,11.5388197822679
2026-03-25,ILI incidence,2026-03-22,1,IS,quantile,0.01,0.81976886940372
2026-03-25,ILI incidence,2026-03-22,1,IS,quantile,0.025,0.9433972368788116
2026-03-25,ILI incidence,2026-03-22,1,IS,quantile,0.05,1.0645368468719294
2026-03-25,ILI incidence,2026-03-22,1,IS,quantile,0.1,1.2236317848055385
2026-03-25,ILI incidence,2026-03-22,1,IS,quantile,0.15,1.344197551686064
2026-03-25,ILI incidence,2026-03-22,1,IS,quantile,0.2,1.4484365069134524
2026-03-25,ILI incidence,2026-03-22,1,IS,quantile,0.25,1.5442832933523045
2026-03-25,ILI incidence,2026-03-22,1,IS,quantile,0.3,1.6357500331452333
2026-03-25,ILI incidence,2026-03-22,1,IS,quantile,0.35,1.725336715475084
2026-03-25,ILI incidence,2026-03-22,1,IS,quantile,0.4,1.8148783630322696
2026-03-25,ILI incidence,2026-03-22,1,IS,quantile,0.45,1.9059315188380492
2026-03-25,ILI incidence,2026-03-22,1,IS,quantile,0.5,2
2026-03-25,ILI incidence,2026-03-22,1,IS,quantile,0.55,2.098711291808952
2026-03-25,ILI incidence,2026-03-22,1,IS,quantile,0.6,2.2040044564291703
2026-03-25,ILI incidence,2026-03-22,1,IS,quantile,0.65,2.318388036446886
2026-03-25,ILI incidence,2026-03-22,1,IS,quantile,0.7,2.445361405439661
2026-03-25,ILI incidence,2026-03-22,1,IS,quantile,0.75,2.5901983251511234
2026-03-25,ILI incidence,2026-03-22,1,IS,quantile,0.8,2.761598441428272
2026-03-25,ILI incidence,2026-03-22,1,IS,quantile,0.85,2.9757530766089326
2026-03-25,ILI incidence,2026-03-22,1,IS,quantile,0.9,3.2689572546823684
2026-03-25,ILI incidence,2026-03-22,1,IS,quantile,0.95,3.757502628259164
2026-03-25,ILI incidence,2026-03-22,1,IS,quantile,0.975,4.239995458576733
2026-03-25,ILI incidence,2026-03-22,1,IS,quantile,0.99,4.879424127082921
2026-03-25,ILI incidence,2026-03-22,1,LT,quantile,0.01,8.590610665511116
2026-03-25,ILI incidence,2026-03-22,1,LT,quantile,0.025,10.579236720709723
2026-03-25,ILI incidence,2026-03-22,1,LT,quantile,0.05,12.559618558272865
2026-03-25,ILI incidence,2026-03-22,1,LT,quantile,0.1,15.186864073532456
2026-03-25,ILI incidence,2026-03-22,1,LT,quantile,0.15,17.18685489431424
2026-03-25,ILI incidence,2026-03-22,1,LT,quantile,0.2,18.917150120076656
2026-03-25,ILI incidence,2026-03-22,1,LT,quantile,0.25,20.506541647833302
2026-03-25,ILI incidence,2026-03-22,1,LT,quantile,0.3,22.020296731585134
2026-03-25,ILI incidence,2026-03-22,1,LT,quantile,0.35,23.49898172404003
2026-03-25,ILI incidence,2026-03-22,1,LT,quantile,0.4,24.972158208091535
2026-03-25,ILI incidence,2026-03-22,1,LT,quantile,0.45,26.464620641748745
2026-03-25,ILI incidence,2026-03-22,1,LT,quantile,0.5,28.000000000000004
2026-03-25,ILI incidence,2026-03-22,1,LT,quantile,0.55,29.603517717405612
2026-03-25,ILI incidence,2026-03-22,1,LT,quantile,0.6,31.304843397339333
2026-03-25,ILI incidence,2026-03-22,1,LT,quantile,0.65,33.14193673301602
2026-03-25,ILI incidence,2026-03-22,1,LT,quantile,0.7,35.167240516622876
2026-03-25,ILI incidence,2026-03-22,1,LT,quantile,0.75,37.45909204772859
2026-03-25,ILI incidence,2026-03-22,1,LT,quantile,0.8,40.145589762915634
2026-03-25,ILI incidence,2026-03-22,1,LT,quantile,0.85,43.46287962765179
2026-03-25,ILI incidence,2026-03-22,1,LT,quantile,0.9,47.93418913056802
2026-03-25,ILI incidence,2026-03-22,1,LT,quantile,0.95,55.2078462405307
2026-03-25,ILI incidence,2026-03-22,1,LT,quantile,0.975,62.184421084856744
2026-03-25,ILI incidence,2026-03-22,1,LT,quantile,0.99,71.134609880058
2026-03-25,ILI incidence,2026-03-22,1,LU,quantile,0.01,0
2026-03-25,ILI incidence,2026-03-22,1,LU,quantile,0.025,0
2026-03-25,ILI incidence,2026-03-22,1,LU,quantile,0.05,0
2026-03-25,ILI incidence,2026-03-22,1,LU,quantile,0.1,0
2026-03-25,ILI incidence,2026-03-22,1,LU,quantile,0.15,264.97444764794875
2026-03-25,ILI incidence,2026-03-22,1,LU,quantile,0.2,548.0063464183007
2026-03-25,ILI incidence,2026-03-22,1,LU,quantile,0.25,816.6416858110405
2026-03-25,ILI incidence,2026-03-22,1,LU,quantile,0.3,1073.3835263873016
2026-03-25,ILI incidence,2026-03-22,1,LU,quantile,0.35,1322.2554543021156
2026-03-25,ILI incidence,2026-03-22,1,LU,quantile,0.4,1566.9459674052946
2026-03-25,ILI incidence,2026-03-22,1,LU,quantile,0.45,1810.7918559434268
2026-03-25,ILI incidence,2026-03-22,1,LU,quantile,0.5,2056.999999999999
2026-03-25,ILI incidence,2026-03-22,1,LU,quantile,0.55,2308.9112861262543
2026-03-25,ILI incidence,2026-03-22,1,LU,quantile,0.6,2570.314335425807
2026-03-25,ILI incidence,2026-03-22,1,LU,quantile,0.65,2845.8768399940163
2026-03-25,ILI incidence,2026-03-22,1,LU,quantile,0.7,3141.832535938323
2026-03-25,ILI incidence,2026-03-22,1,LU,quantile,0.75,3467.225026563322
2026-03-25,ILI incidence,2026-03-22,1,LU,quantile,0.8,3836.4650907533924
2026-03-25,ILI incidence,2026-03-22,1,LU,quantile,0.85,4275.467289675775
2026-03-25,ILI incidence,2026-03-22,1,LU,quantile,0.9,4840.113345400681
2026-03-25,ILI incidence,2026-03-22,1,LU,quantile,0.95,5700.176458815865
2026-03-25,ILI incidence,2026-03-22,1,LU,quantile,0.975,6466.719864733432
2026-03-25,ILI incidence,2026-03-22,1,LU,quantile,0.99,7380.010480685283
2026-03-25,ILI incidence,2026-03-22,1,MT,quantile,0.01,2489.499252215155
2026-03-25,ILI incidence,2026-03-22,1,MT,quantile,0.025,2801.537376864426
2026-03-25,ILI incidence,2026-03-22,1,MT,quantile,0.05,3093.0015120563885
2026-03-25,ILI incidence,2026-03-22,1,MT,quantile,0.1,3457.1108949345985
2026-03-25,ILI incidence,2026-03-22,1,MT,quantile,0.15,3720.6194610989432
2026-03-25,ILI incidence,2026-03-22,1,MT,quantile,0.2,3940.7440706357465
2026-03-25,ILI incidence,2026-03-22,1,MT,quantile,0.25,4137.38130230855
2026-03-25,ILI incidence,2026-03-22,1,MT,quantile,0.3,4320.2607676491
2026-03-25,ILI incidence,2026-03-22,1,MT,quantile,0.35,4495.16529578266
2026-03-25,ILI incidence,2026-03-22,1,MT,quantile,0.4,4666.073419247529
2026-03-25,ILI incidence,2026-03-22,1,MT,quantile,0.45,4836.099486223925
2026-03-25,ILI incidence,2026-03-22,1,MT,quantile,0.5,5007.999999999998
2026-03-25,ILI incidence,2026-03-22,1,MT,quantile,0.55,5184.518374492489
2026-03-25,ILI incidence,2026-03-22,1,MT,quantile,0.6,5368.6976685195905
2026-03-25,ILI incidence,2026-03-22,1,MT,quantile,0.65,5564.25940097338
2026-03-25,ILI incidence,2026-03-22,1,MT,quantile,0.7,5776.179131193556
2026-03-25,ILI incidence,2026-03-22,1,MT,quantile,0.75,6011.7165019881395
2026-03-25,ILI incidence,2026-03-22,1,MT,quantile,0.8,6282.536680970293
2026-03-25,ILI incidence,2026-03-22,1,MT,quantile,0.85,6609.837036316767
2026-03-25,ILI incidence,2026-03-22,1,MT,quantile,0.9,7039.934612743327
2026-03-25,ILI incidence,2026-03-22,1,MT,quantile,0.95,7716.248592263007
2026-03-25,ILI incidence,2026-03-22,1,MT,quantile,0.975,8341.979721519776
2026-03-25,ILI incidence,2026-03-22,1,MT,quantile,0.99,9117.342627492813
2026-03-25,ILI incidence,2026-03-22,1,NL,quantile,0.01,17.091441209266815
2026-03-25,ILI incidence,2026-03-22,1,NL,quantile,0.025,23.025304455548998
2026-03-25,ILI incidence,2026-03-22,1,NL,quantile,0.05,28.316104512362806
2026-03-25,ILI incidence,2026-03-22,1,NL,quantile,0.1,34.59847243695043
2026-03-25,ILI incidence,2026-03-22,1,NL,quantile,0.15,38.93479165362978
2026-03-25,ILI incidence,2026-03-22,1,NL,quantile,0.2,42.43223119652967
2026-03-25,ILI incidence,2026-03-22,1,NL,quantile,0.25,45.466528911156296
2026-03-25,ILI incidence,2026-03-22,1,NL,quantile,0.3,48.21672160181121
2026-03-25,ILI incidence,2026-03-22,1,NL,quantile,0.35,50.78566782395769
2026-03-25,ILI incidence,2026-03-22,1,NL,quantile,0.4,53.240897999609786
2026-03-25,ILI incidence,2026-03-22,1,NL,quantile,0.45,55.632087897189066
2026-03-25,ILI incidence,2026-03-22,1,NL,quantile,0.5,58.00000000000001
2026-03-25,ILI incidence,2026-03-22,1,NL,quantile,0.55,60.382002821043656
2026-03-25,ILI incidence,2026-03-22,1,NL,quantile,0.6,62.816403866799746
2026-03-25,ILI incidence,2026-03-22,1,NL,quantile,0.65,65.34699308883833
2026-03-25,ILI incidence,2026-03-22,1,NL,quantile,0.7,68.02929875579596
2026-03-25,ILI incidence,2026-03-22,1,NL,quantile,0.75,70.9412058064903
2026-03-25,ILI incidence,2026-03-22,1,NL,quantile,0.8,74.20423190516527
2026-03-25,ILI incidence,2026-03-22,1,NL,quantile,0.85,78.03405250343586
2026-03-25,ILI incidence,2026-03-22,1,NL,quantile,0.9,82.89169990154573
2026-03-25,ILI incidence,2026-03-22,1,NL,quantile,0.95,90.16750810766993
2026-03-25,ILI incidence,2026-03-22,1,NL,quantile,0.975,96.54811078488173
2026-03-25,ILI incidence,2026-03-22,1,NL,quantile,0.99,104.0443388882545
2026-03-25,ILI incidence,2026-03-22,1,NO,quantile,0.01,6.4276446698673455
2026-03-25,ILI incidence,2026-03-22,1,NO,quantile,0.025,11.108759189685118
2026-03-25,ILI incidence,2026-03-22,1,NO,quantile,0.05,15.320824699204163
2026-03-25,ILI incidence,2026-03-22,1,NO,quantile,0.1,20.337023495892456
2026-03-25,ILI incidence,2026-03-22,1,NO,quantile,0.15,23.801143388859394
2026-03-25,ILI incidence,2026-03-22,1,NO,quantile,0.2,26.594129338340462
2026-03-25,ILI incidence,2026-03-22,1,NO,quantile,0.25,29.015896700746232
2026-03-25,ILI incidence,2026-03-22,1,NO,quantile,0.3,31.209522423186762
2026-03-25,ILI incidence,2026-03-22,1,NO,quantile,0.35,33.25722865216838
2026-03-25,ILI incidence,2026-03-22,1,NO,quantile,0.4,35.21297402031825
2026-03-25,ILI incidence,2026-03-22,1,NO,quantile,0.45,37.11640607410295
2026-03-25,ILI incidence,2026-03-22,1,NO,quantile,0.5,39
2026-03-25,ILI incidence,2026-03-22,1,NO,quantile,0.55,40.89345835679737
2026-03-25,ILI incidence,2026-03-22,1,NO,quantile,0.6,42.827153608487905
2026-03-25,ILI incidence,2026-03-22,1,NO,quantile,0.65,44.835722768611184
2026-03-25,ILI incidence,2026-03-22,1,NO,quantile,0.7,46.96300022276794
2026-03-25,ILI incidence,2026-03-22,1,NO,quantile,0.75,49.27037385357242
2026-03-25,ILI incidence,2026-03-22,1,NO,quantile,0.8,51.853510583141905
2026-03-25,ILI incidence,2026-03-22,1,NO,quantile,0.85,54.88204920209374
2026-03-25,ILI incidence,2026-03-22,1,NO,quantile,0.9,58.71831572902848
2026-03-25,ILI incidence,2026-03-22,1,NO,quantile,0.95,64.45394038024538
2026-03-25,ILI incidence,2026-03-22,1,NO,quantile,0.975,69.47392901493491
2026-03-25,ILI incidence,2026-03-22,1,NO,quantile,0.99,75.36020464519838
2026-03-25,ILI incidence,2026-03-22,1,PL,quantile,0.01,206.1691551169091
2026-03-25,ILI incidence,2026-03-22,1,PL,quantile,0.025,226.79297952447254
2026-03-25,ILI incidence,2026-03-22,1,PL,quantile,0.05,245.40693796858773
2026-03-25,ILI incidence,2026-03-22,1,PL,quantile,0.1,267.8830649302919
2026-03-25,ILI incidence,2026-03-22,1,PL,quantile,0.15,283.6670411257299
2026-03-25,ILI incidence,2026-03-22,1,PL,quantile,0.2,296.57007397026246
2026-03-25,ILI incidence,2026-03-22,1,PL,quantile,0.25,307.8940008718802
2026-03-25,ILI incidence,2026-03-22,1,PL,quantile,0.3,318.26420801445795
2026-03-25,ILI incidence,2026-03-22,1,PL,quantile,0.35,328.04413668282507
2026-03-25,ILI incidence,2026-03-22,1,PL,quantile,0.4,337.4763910816842
2026-03-25,ILI incidence,2026-03-22,1,PL,quantile,0.45,346.7435811915458
2026-03-25,ILI incidence,2026-03-22,1,PL,quantile,0.5,356
2026-03-25,ILI incidence,2026-03-22,1,PL,quantile,0.55,365.39187923074667
2026-03-25,ILI incidence,2026-03-22,1,PL,quantile,0.6,375.0742113108559
2026-03-25,ILI incidence,2026-03-22,1,PL,quantile,0.65,385.22949980507593
2026-03-25,ILI incidence,2026-03-22,1,PL,quantile,0.7,396.09475015280054
2026-03-25,ILI incidence,2026-03-22,1,PL,quantile,0.75,408.00842198432275
2026-03-25,ILI incidence,2026-03-22,1,PL,quantile,0.8,421.50570998404186
2026-03-25,ILI incidence,2026-03-22,1,PL,quantile,0.85,437.5465843560818
2026-03-25,ILI incidence,2026-03-22,1,PL,quantile,0.9,458.202912249168
2026-03-25,ILI incidence,2026-03-22,1,PL,quantile,0.95,489.7941051895962
2026-03-25,ILI incidence,2026-03-22,1,PL,quantile,0.975,518.1439359484679
2026-03-25,ILI incidence,2026-03-22,1,PL,quantile,0.99,552.2229511714365
2026-03-25,ILI incidence,2026-03-22,1,RO,quantile,0.01,2.400696064460044
2026-03-25,ILI incidence,2026-03-22,1,RO,quantile,0.025,3.4341385609644073
2026-03-25,ILI incidence,2026-03-22,1,RO,quantile,0.05,4.527526018383098
2026-03-25,ILI incidence,2026-03-22,1,RO,quantile,0.1,6.046888952418553
2026-03-25,ILI incidence,2026-03-22,1,RO,quantile,0.15,7.241306248799131
2026-03-25,ILI incidence,2026-03-22,1,RO,quantile,0.2,8.294225352120502
2026-03-25,ILI incidence,2026-03-22,1,RO,quantile,0.25,9.274050423451335
2026-03-25,ILI incidence,2026-03-22,1,RO,quantile,0.3,10.216413591038739
2026-03-25,ILI incidence,2026-03-22,1,RO,quantile,0.35,11.144078536470781
2026-03-25,ILI incidence,2026-03-22,1,RO,quantile,0.4,12.074121053964884
2026-03-25,ILI incidence,2026-03-22,1,RO,quantile,0.45,13.021285703459743
2026-03-25,ILI incidence,2026-03-22,1,RO,quantile,0.5,14
2026-03-25,ILI incidence,2026-03-22,1,RO,quantile,0.55,15.025991814110645
2026-03-25,ILI incidence,2026-03-22,1,RO,quantile,0.6,16.118046021944416
2026-03-25,ILI incidence,2026-03-22,1,RO,quantile,0.65,17.30043401005374
2026-03-25,ILI incidence,2026-03-22,1,RO,quantile,0.7,18.606880936700637
2026-03-25,ILI incidence,2026-03-22,1,RO,quantile,0.75,20.087909317008762
2026-03-25,ILI incidence,2026-03-22,1,RO,quantile,0.8,21.826210517579625
2026-03-25,ILI incidence,2026-03-22,1,RO,quantile,0.85,23.974153303194818
2026-03-25,ILI incidence,2026-03-22,1,RO,quantile,0.9,26.8687882292413
2026-03-25,ILI incidence,2026-03-22,1,RO,quantile,0.95,31.5685284184258
2026-03-25,ILI incidence,2026-03-22,1,RO,quantile,0.975,36.058396474506964
2026-03-25,ILI incidence,2026-03-22,1,RO,quantile,0.99,41.78497050370514
2026-03-25,ARI incidence,2026-03-22,1,BG,quantile,0.01,488.80621086808566
2026-03-25,ARI incidence,2026-03-22,1,BG,quantile,0.025,546.2276113390902
2026-03-25,ARI incidence,2026-03-22,1,BG,quantile,0.05,597.2291509515759
2026-03-25,ARI incidence,2026-03-22,1,BG,quantile,0.1,657.8213950680305
2026-03-25,ARI incidence,2026-03-22,1,BG,quantile,0.15,699.7550510233838
2026-03-25,ARI incidence,2026-03-22,1,BG,quantile,0.2,733.6728974335149
2026-03-25,ARI incidence,2026-03-22,1,BG,quantile,0.25,763.1808029317968
2026-03-25,ARI incidence,2026-03-22,1,BG,quantile,0.3,789.9974637714135
2026-03-25,ARI incidence,2026-03-22,1,BG,quantile,0.35,815.1120981074926
2026-03-25,ARI incidence,2026-03-22,1,BG,quantile,0.4,839.1765051578527
2026-03-25,ARI incidence,2026-03-22,1,BG,quantile,0.45,862.6728829264795
2026-03-25,ARI incidence,2026-03-22,1,BG,quantile,0.5,886.0000000000002
2026-03-25,ARI incidence,2026-03-22,1,BG,quantile,0.55,909.526846094909
2026-03-25,ARI incidence,2026-03-22,1,BG,quantile,0.6,933.6353865297009
2026-03-25,ARI incidence,2026-03-22,1,BG,quantile,0.65,958.766180275631
2026-03-25,ARI incidence,2026-03-22,1,BG,quantile,0.7,985.4820339348857
2026-03-25,ARI incidence,2026-03-22,1,BG,quantile,0.75,1014.5768730814278
2026-03-25,ARI incidence,2026-03-22,1,BG,quantile,0.8,1047.2947752205002
2026-03-25,ARI incidence,2026-03-22,1,BG,quantile,0.85,1085.8514445717017
2026-03-25,ARI incidence,2026-03-22,1,BG,quantile,0.9,1134.9983092830903
2026-03-25,ARI incidence,2026-03-22,1,BG,quantile,0.95,1209.1184776120754
2026-03-25,ARI incidence,2026-03-22,1,BG,quantile,0.975,1274.6185596140153
2026-03-25,ARI incidence,2026-03-22,1,BG,quantile,0.99,1352.1630256638362
2026-03-25,ARI incidence,2026-03-22,1,CZ,quantile,0.01,730.2948895765991
2026-03-25,ARI incidence,2026-03-22,1,CZ,quantile,0.025,764.4248043561023
2026-03-25,ARI incidence,2026-03-22,1,CZ,quantile,0.05,795.0515031756782
2026-03-25,ARI incidence,2026-03-22,1,CZ,quantile,0.1,831.8881117345778
2026-03-25,ARI incidence,2026-03-22,1,CZ,quantile,0.15,857.7010480979629
2026-03-25,ARI incidence,2026-03-22,1,CZ,quantile,0.2,878.7864036456871
2026-03-25,ARI incidence,2026-03-22,1,CZ,quantile,0.25,897.2883910234916
2026-03-25,ARI incidence,2026-03-22,1,CZ,quantile,0.3,914.2354959545693
2026-03-25,ARI incidence,2026-03-22,1,CZ,quantile,0.35,930.2251071162306
2026-03-25,ARI incidence,2026-03-22,1,CZ,quantile,0.4,945.6561903661039
2026-03-25,ARI incidence,2026-03-22,1,CZ,quantile,0.45,960.8295382133573
2026-03-25,ARI incidence,2026-03-22,1,CZ,quantile,0.5,975.9999999999995
2026-03-25,ARI incidence,2026-03-22,1,CZ,quantile,0.55,991.4099870111139
2026-03-25,ARI incidence,2026-03-22,1,CZ,quantile,0.6,1007.317468763374
2026-03-25,ARI incidence,2026-03-22,1,CZ,quantile,0.65,1024.0274023059408
2026-03-25,ARI incidence,2026-03-22,1,CZ,quantile,0.7,1041.9372297565387
2026-03-25,ARI incidence,2026-03-22,1,CZ,quantile,0.75,1061.6163203821725
2026-03-25,ARI incidence,2026-03-22,1,CZ,quantile,0.8,1083.9676126624086
2026-03-25,ARI incidence,2026-03-22,1,CZ,quantile,0.85,1110.6154086116962
2026-03-25,ARI incidence,2026-03-22,1,CZ,quantile,0.9,1145.077068133326
2026-03-25,ARI incidence,2026-03-22,1,CZ,quantile,0.95,1198.1311854579474
2026-03-25,ARI incidence,2026-03-22,1,CZ,quantile,0.975,1246.1343412350182
2026-03-25,ARI incidence,2026-03-22,1,CZ,quantile,0.99,1304.3717183236367
2026-03-25,ARI incidence,2026-03-22,1,DE,quantile,0.01,725.038429993841
2026-03-25,ARI incidence,2026-03-22,1,DE,quantile,0.025,807.2772678710548
2026-03-25,ARI incidence,2026-03-22,1,DE,quantile,0.05,878.9809131834771
2026-03-25,ARI incidence,2026-03-22,1,DE,quantile,0.1,962.695334035988
2026-03-25,ARI incidence,2026-03-22,1,DE,quantile,0.15,1019.7750978637935
2026-03-25,ARI incidence,2026-03-22,1,DE,quantile,0.2,1065.4686692366845
2026-03-25,ARI incidence,2026-03-22,1,DE,quantile,0.25,1104.8940057110544
2026-03-25,ARI incidence,2026-03-22,1,DE,quantile,0.3,1140.4710960717991
2026-03-25,ARI incidence,2026-03-22,1,DE,quantile,0.35,1173.580491370683
2026-03-25,ARI incidence,2026-03-22,1,DE,quantile,0.4,1205.1217170924538
2026-03-25,ARI incidence,2026-03-22,1,DE,quantile,0.45,1235.7506499043407
2026-03-25,ARI incidence,2026-03-22,1,DE,quantile,0.5,1266.0000000000007
2026-03-25,ARI incidence,2026-03-22,1,DE,quantile,0.55,1296.3527172940271
2026-03-25,ARI incidence,2026-03-22,1,DE,quantile,0.6,1327.2985086859685
2026-03-25,ARI incidence,2026-03-22,1,DE,quantile,0.65,1359.3918518410214
2026-03-25,ARI incidence,2026-03-22,1,DE,quantile,0.7,1393.3306311548993
2026-03-25,ARI incidence,2026-03-22,1,DE,quantile,0.75,1430.088495984491
2026-03-25,ARI incidence,2026-03-22,1,DE,quantile,0.8,1471.179060754056
2026-03-25,ARI incidence,2026-03-22,1,DE,quantile,0.85,1519.2821954504143
2026-03-25,ARI incidence,2026-03-22,1,DE,quantile,0.9,1580.1161388532455
2026-03-25,ARI incidence,2026-03-22,1,DE,quantile,0.95,1670.8960302646487
2026-03-25,ARI incidence,2026-03-22,1,DE,quantile,0.975,1750.208923544191
2026-03-25,ARI incidence,2026-03-22,1,DE,quantile,0.99,1843.074584532617
2026-03-25,ARI incidence,2026-03-22,1,EE,quantile,0.01,137.1915129667596
2026-03-25,ARI incidence,2026-03-22,1,EE,quantile,0.025,149.1421631342338
2026-03-25,ARI incidence,2026-03-22,1,EE,quantile,0.05,159.92041208175374
2026-03-25,ARI incidence,2026-03-22,1,EE,quantile,0.1,172.93172663060918
2026-03-25,ARI incidence,2026-03-22,1,EE,quantile,0.15,182.069897137887
2026-03-25,ARI incidence,2026-03-22,1,EE,quantile,0.2,189.54205194234444
2026-03-25,ARI incidence,2026-03-22,1,EE,quantile,0.25,196.10181519568485
2026-03-25,ARI incidence,2026-03-22,1,EE,quantile,0.3,202.11120084038672
2026-03-25,ARI incidence,2026-03-22,1,EE,quantile,0.35,207.78064550286535
2026-03-25,ARI incidence,2026-03-22,1,EE,quantile,0.4,213.25070560096813
2026-03-25,ARI incidence,2026-03-22,1,EE,quantile,0.45,218.62728710928275
2026-03-25,ARI incidence,2026-03-22,1,EE,quantile,0.5,224.00000000000003
2026-03-25,ARI incidence,2026-03-22,1,EE,quantile,0.55,229.45391487317346
2026-03-25,ARI incidence,2026-03-22,1,EE,quantile,0.6,235.07935443425595
2026-03-25,ARI incidence,2026-03-22,1,EE,quantile,0.65,240.98284116208342
2026-03-25,ARI incidence,2026-03-22,1,EE,quantile,0.7,247.30289185805293
2026-03-25,ARI incidence,2026-03-22,1,EE,quantile,0.75,254.23753023511347
2026-03-25,ARI incidence,2026-03-22,1,EE,quantile,0.8,262.10016424279337
2026-03-25,ARI incidence,2026-03-22,1,EE,quantile,0.85,271.4534053641414
2026-03-25,ARI incidence,2026-03-22,1,EE,quantile,0.9,283.51255791612067
2026-03-25,ARI incidence,2026-03-22,1,EE,quantile,0.95,301.98864595509724
2026-03-25,ARI incidence,2026-03-22,1,EE,quantile,0.975,318.6042666865149
2026-03-25,ARI incidence,2026-03-22,1,EE,quantile,0.99,338.62299397461356
2026-03-25,ARI incidence,2026-03-22,1,FI,quantile,0.01,2172.7826691444916
2026-03-25,ARI incidence,2026-03-22,1,FI,quantile,0.025,2273.609436886714
2026-03-25,ARI incidence,2026-03-22,1,FI,quantile,0.05,2364.060486558391
2026-03-25,ARI incidence,2026-03-22,1,FI,quantile,0.1,2472.819725283751
2026-03-25,ARI incidence,2026-03-22,1,FI,quantile,0.15,2549.0119248952146
2026-03-25,ARI incidence,2026-03-22,1,FI,quantile,0.2,2611.2379276529523
2026-03-25,ARI incidence,2026-03-22,1,FI,quantile,0.25,2665.8315306016025
2026-03-25,ARI incidence,2026-03-22,1,FI,quantile,0.3,2715.83033690689
2026-03-25,ARI incidence,2026-03-22,1,FI,quantile,0.35,2762.9983947496225
2026-03-25,ARI incidence,2026-03-22,1,FI,quantile,0.4,2808.513532446464
2026-03-25,ARI incidence,2026-03-22,1,FI,quantile,0.45,2853.263460536999
2026-03-25,ARI incidence,2026-03-22,1,FI,quantile,0.5,2898
2026-03-25,ARI incidence,2026-03-22,1,FI,quantile,0.55,2943.437967140748
2026-03-25,ARI incidence,2026-03-22,1,FI,quantile,0.6,2990.337736661801
2026-03-25,ARI incidence,2026-03-22,1,FI,quantile,0.65,3039.597857153679
2026-03-25,ARI incidence,2026-03-22,1,FI,quantile,0.7,3092.3890516537535
2026-03-25,ARI incidence,2026-03-22,1,FI,quantile,0.75,3150.388126028626
2026-03-25,ARI incidence,2026-03-22,1,FI,quantile,0.8,3216.2538354169465
2026-03-25,ARI incidence,2026-03-22,1,FI,quantile,0.85,3294.768423001886
2026-03-25,ARI incidence,2026-03-22,1,FI,quantile,0.9,3396.2863989352477
2026-03-25,ARI incidence,2026-03-22,1,FI,quantile,0.95,3552.5334684758523
2026-03-25,ARI incidence,2026-03-22,1,FI,quantile,0.975,3693.863978458875
2026-03-25,ARI incidence,2026-03-22,1,FI,quantile,0.99,3865.275675871799
2026-03-25,ARI incidence,2026-03-22,1,LT,quantile,0.01,240.7213400545575
2026-03-25,ARI incidence,2026-03-22,1,LT,quantile,0.025,302.69805557101796
2026-03-25,ARI incidence,2026-03-22,1,LT,quantile,0.05,356.10521610006066
2026-03-25,ARI incidence,2026-03-22,1,LT,quantile,0.1,417.77992448234704
2026-03-25,ARI incidence,2026-03-22,1,LT,quantile,0.15,459.44426374622157
2026-03-25,ARI incidence,2026-03-22,1,LT,quantile,0.2,492.585046080144
2026-03-25,ARI incidence,2026-03-22,1,LT,quantile,0.25,521.0348136959352
2026-03-25,ARI incidence,2026-03-22,1,LT,quantile,0.3,546.5969187541795
2026-03-25,ARI incidence,2026-03-22,1,LT,quantile,0.35,570.2947572270199
2026-03-25,ARI incidence,2026-03-22,1,LT,quantile,0.4,592.7908464564804
2026-03-25,ARI incidence,2026-03-22,1,LT,quantile,0.45,614.5642426056131
2026-03-25,ARI incidence,2026-03-22,1,LT,quantile,0.5,636.0000000000002
2026-03-25,ARI incidence,2026-03-22,1,LT,quantile,0.55,657.443017560442
2026-03-25,ARI incidence,2026-03-22,1,LT,quantile,0.6,679.238680504153
2026-03-25,ARI incidence,2026-03-22,1,LT,quantile,0.65,701.7736113859714
2026-03-25,ARI incidence,2026-03-22,1,LT,quantile,0.7,725.5298992664084
2026-03-25,ARI incidence,2026-03-22,1,LT,quantile,0.75,751.1754310103238
2026-03-25,ARI incidence,2026-03-22,1,LT,quantile,0.8,779.743287750151
2026-03-25,ARI incidence,2026-03-22,1,LT,quantile,0.85,813.0558640508224
2026-03-25,ARI incidence,2026-03-22,1,LT,quantile,0.9,854.9901150097533
2026-03-25,ARI incidence,2026-03-22,1,LT,quantile,0.95,917.180740196392
2026-03-25,ARI incidence,2026-03-22,1,LT,quantile,0.975,971.1562795189858
2026-03-25,ARI incidence,2026-03-22,1,LT,quantile,0.99,1033.9523235885702
2026-03-25,ARI incidence,2026-03-22,1,LV,quantile,0.01,982.7804289301012
2026-03-25,ARI incidence,2026-03-22,1,LV,quantile,0.025,1036.387853325783
2026-03-25,ARI incidence,2026-03-22,1,LV,quantile,0.05,1083.0238328609946
2026-03-25,ARI incidence,2026-03-22,1,LV,quantile,0.1,1137.3857004826461
2026-03-25,ARI incidence,2026-03-22,1,LV,quantile,0.15,1174.414751064445
2026-03-25,ARI incidence,2026-03-22,1,LV,quantile,0.2,1204.0424647275559
2026-03-25,ARI incidence,2026-03-22,1,LV,quantile,0.25,1229.598395347179
2026-03-25,ARI incidence,2026-03-22,1,LV,quantile,0.3,1252.6557936838335
2026-03-25,ARI incidence,2026-03-22,1,LV,quantile,0.35,1274.1117182825049
2026-03-25,ARI incidence,2026-03-22,1,LV,quantile,0.4,1294.5504531991592
2026-03-25,ARI incidence,2026-03-22,1,LV,quantile,0.45,1314.3979164452858
2026-03-25,ARI incidence,2026-03-22,1,LV,quantile,0.5,1334
2026-03-25,ARI incidence,2026-03-22,1,LV,quantile,0.55,1353.670285996853
2026-03-25,ARI incidence,2026-03-22,1,LV,quantile,0.6,1373.7267797165443
2026-03-25,ARI incidence,2026-03-22,1,LV,quantile,0.65,1394.5296177439434
2026-03-25,ARI incidence,2026-03-22,1,LV,quantile,0.7,1416.5321903725073
2026-03-25,ARI incidence,2026-03-22,1,LV,quantile,0.75,1440.3672093473106
2026-03-25,ARI incidence,2026-03-22,1,LV,quantile,0.8,1467.018546550115
2026-03-25,ARI incidence,2026-03-22,1,LV,quantile,0.85,1498.2286781853863
2026-03-25,ARI incidence,2026-03-22,1,LV,quantile,0.9,1537.716974418831
2026-03-25,ARI incidence,2026-03-22,1,LV,quantile,0.95,1596.6864700664166
2026-03-25,ARI incidence,2026-03-22,1,LV,quantile,0.975,1648.2539550950596
2026-03-25,ARI incidence,2026-03-22,1,LV,quantile,0.99,1708.6941191188114
2026-03-25,ARI incidence,2026-03-22,1,RO,quantile,0.01,467.35299384456096
2026-03-25,ARI incidence,2026-03-22,1,RO,quantile,0.025,504.9761219034637
2026-03-25,ARI incidence,2026-03-22,1,RO,quantile,0.05,538.7091282842182
2026-03-25,ARI incidence,2026-03-22,1,RO,quantile,0.1,579.1989609935853
2026-03-25,ARI incidence,2026-03-22,1,RO,quantile,0.15,607.4944463623297
2026-03-25,ARI incidence,2026-03-22,1,RO,quantile,0.2,630.549473174179
2026-03-25,ARI incidence,2026-03-22,1,RO,quantile,0.25,650.7313013294003
2026-03-25,ARI incidence,2026-03-22,1,RO,quantile,0.3,669.1739070842107
2026-03-25,ARI incidence,2026-03-22,1,RO,quantile,0.35,686.5342633556044
2026-03-25,ARI incidence,2026-03-22,1,RO,quantile,0.4,703.2492521547484
2026-03-25,ARI incidence,2026-03-22,1,RO,quantile,0.45,719.6461650766007
2026-03-25,ARI incidence,2026-03-22,1,RO,quantile,0.5,736.0000000000001
2026-03-25,ARI incidence,2026-03-22,1,RO,quantile,0.55,752.5698347805462
2026-03-25,ARI incidence,2026-03-22,1,RO,quantile,0.6,769.6287177324067
2026-03-25,ARI incidence,2026-03-22,1,RO,quantile,0.65,787.4966335073308
2026-03-25,ARI incidence,2026-03-22,1,RO,quantile,0.7,806.5876173959101
2026-03-25,ARI incidence,2026-03-22,1,RO,quantile,0.75,827.49141206083
2026-03-25,ARI incidence,2026-03-22,1,RO,quantile,0.8,851.1388888903654
2026-03-25,ARI incidence,2026-03-22,1,RO,quantile,0.85,879.197600621735
2026-03-25,ARI incidence,2026-03-22,1,RO,quantile,0.9,915.2628376245619
2026-03-25,ARI incidence,2026-03-22,1,RO,quantile,0.95,970.2886790552448
2026-03-25,ARI incidence,2026-03-22,1,RO,quantile,0.975,1019.5485311546067
2026-03-25,ARI incidence,2026-03-22,1,RO,quantile,0.99,1078.6315272969334
2026-03-25,ARI incidence,2026-03-22,1,SI,quantile,0.01,722.4595282735385
2026-03-25,ARI incidence,2026-03-22,1,SI,quantile,0.025,778.2912205266407
2026-03-25,ARI incidence,2026-03-22,1,SI,quantile,0.05,829.7485803334505
2026-03-25,ARI incidence,2026-03-22,1,SI,quantile,0.1,893.3120556880632
2026-03-25,ARI incidence,2026-03-22,1,SI,quantile,0.15,938.9266863789759
2026-03-25,ARI incidence,2026-03-22,1,SI,quantile,0.2,976.835241403424
2026-03-25,ARI incidence,2026-03-22,1,SI,quantile,0.25,1010.5748755557304
2026-03-25,ARI incidence,2026-03-22,1,SI,quantile,0.3,1041.8661256511948
2026-03-25,ARI incidence,2026-03-22,1,SI,quantile,0.35,1071.7263814199066
2026-03-25,ARI incidence,2026-03-22,1,SI,quantile,0.4,1100.851788877778
2026-03-25,ARI incidence,2026-03-22,1,SI,quantile,0.45,1129.7840992307717
2026-03-25,ARI incidence,2026-03-22,1,SI,quantile,0.5,1159
2026-03-25,ARI incidence,2026-03-22,1,SI,quantile,0.55,1188.971415790495
2026-03-25,ARI incidence,2026-03-22,1,SI,quantile,0.6,1220.2196640561008
2026-03-25,ARI incidence,2026-03-22,1,SI,quantile,0.65,1253.380548699675
2026-03-25,ARI incidence,2026-03-22,1,SI,quantile,0.7,1289.3028834778677
2026-03-25,ARI incidence,2026-03-22,1,SI,quantile,0.75,1329.2246151096022
2026-03-25,ARI incidence,2026-03-22,1,SI,quantile,0.8,1375.135686208558
2026-03-25,ARI incidence,2026-03-22,1,SI,quantile,0.85,1430.6558962344964
2026-03-25,ARI incidence,2026-03-22,1,SI,quantile,0.9,1503.7085769153234
2026-03-25,ARI incidence,2026-03-22,1,SI,quantile,0.95,1618.9012332629436
2026-03-25,ARI incidence,2026-03-22,1,SI,quantile,0.975,1725.9362107297723
2026-03-25,ARI incidence,2026-03-22,1,SI,quantile,0.99,1859.3166086549352
2026-03-25,ARI incidence,2026-03-29,2,BG,quantile,0.01,334.10259079168503
2026-03-25,ARI incidence,2026-03-29,2,BG,quantile,0.025,414.4413807322506
2026-03-25,ARI incidence,2026-03-29,2,BG,quantile,0.05,486.13454514624374
2026-03-25,ARI incidence,2026-03-29,2,BG,quantile,0.1,571.4706154520421
2026-03-25,ARI incidence,2026-03-29,2,BG,quantile,0.15,630.5371923815443
2026-03-25,ARI incidence,2026-03-29,2,BG,quantile,0.2,678.2833479760103
2026-03-25,ARI incidence,2026-03-29,2,BG,quantile,0.25,719.7858019306599
2026-03-25,ARI incidence,2026-03-29,2,BG,quantile,0.3,757.466351450862
2026-03-25,ARI incidence,2026-03-29,2,BG,quantile,0.35,792.7187133489685
2026-03-25,ARI incidence,2026-03-29,2,BG,quantile,0.4,826.4601925693847
2026-03-25,ARI incidence,2026-03-29,2,BG,quantile,0.45,859.3679132383597
2026-03-25,ARI incidence,2026-03-29,2,BG,quantile,0.5,892.0000000000002
2026-03-25,ARI incidence,2026-03-29,2,BG,quantile,0.55,924.8707685182964
2026-03-25,ARI incidence,2026-03-29,2,BG,quantile,0.6,958.5102604768261
2026-03-25,ARI incidence,2026-03-29,2,BG,quantile,0.65,993.5272784916035
2026-03-25,ARI incidence,2026-03-29,2,BG,quantile,0.7,1030.696813976867
2026-03-25,ARI incidence,2026-03-29,2,BG,quantile,0.75,1071.1090462697744
2026-03-25,ARI incidence,2026-03-29,2,BG,quantile,0.8,1116.4685013493404
2026-03-25,ARI incidence,2026-03-29,2,BG,quantile,0.85,1169.8053023518894
2026-03-25,ARI incidence,2026-03-29,2,BG,quantile,0.9,1237.6056412817695
2026-03-25,ARI incidence,2026-03-29,2,BG,quantile,0.95,1339.4601555052332
2026-03-25,ARI incidence,2026-03-29,2,BG,quantile,0.975,1429.0710088159105
2026-03-25,ARI incidence,2026-03-29,2,BG,quantile,0.99,1534.6805582862705
2026-03-25,ARI incidence,2026-03-29,2,CZ,quantile,0.01,492.96130259435506
2026-03-25,ARI incidence,2026-03-29,2,CZ,quantile,0.025,559.9756360485054
2026-03-25,ARI incidence,2026-03-29,2,CZ,quantile,0.05,619.0788229771622
2026-03-25,ARI incidence,2026-03-29,2,CZ,quantile,0.1,688.8038312949902
2026-03-25,ARI incidence,2026-03-29,2,CZ,quantile,0.15,736.7573815823705
2026-03-25,ARI incidence,2026-03-29,2,CZ,quantile,0.2,775.3712983012322
2026-03-25,ARI incidence,2026-03-29,2,CZ,quantile,0.25,808.8425244572093
2026-03-25,ARI incidence,2026-03-29,2,CZ,quantile,0.3,839.164963983499
2026-03-25,ARI incidence,2026-03-29,2,CZ,quantile,0.35,867.4818353751539
2026-03-25,ARI incidence,2026-03-29,2,CZ,quantile,0.4,894.5426253074559
2026-03-25,ARI incidence,2026-03-29,2,CZ,quantile,0.45,920.898114966244
2026-03-25,ARI incidence,2026-03-29,2,CZ,quantile,0.5,947.0000000000002
2026-03-25,ARI incidence,2026-03-29,2,CZ,quantile,0.55,973.2622939880102
2026-03-25,ARI incidence,2026-03-29,2,CZ,quantile,0.6,1000.1094836306696
2026-03-25,ARI incidence,2026-03-29,2,CZ,quantile,0.65,1028.027001919476
2026-03-25,ARI incidence,2026-03-29,2,CZ,quantile,0.7,1057.6307315173692
2026-03-25,ARI incidence,2026-03-29,2,CZ,quantile,0.75,1089.7850156725556
2026-03-25,ARI incidence,2026-03-29,2,CZ,quantile,0.8,1125.8392147792201
2026-03-25,ARI incidence,2026-03-29,2,CZ,quantile,0.85,1168.1897266109481
2026-03-25,ARI incidence,2026-03-29,2,CZ,quantile,0.9,1221.9628149813802
2026-03-25,ARI incidence,2026-03-29,2,CZ,quantile,0.95,1302.6330684639854
2026-03-25,ARI incidence,2026-03-29,2,CZ,quantile,0.975,1373.5132019465777
2026-03-25,ARI incidence,2026-03-29,2,CZ,quantile,0.99,1456.9562509399752
2026-03-25,ARI incidence,2026-03-29,2,DE,quantile,0.01,518.8552943484387
2026-03-25,ARI incidence,2026-03-29,2,DE,quantile,0.025,614.153543723655
2026-03-25,ARI incidence,2026-03-29,2,DE,quantile,0.05,704.330004845447
2026-03-25,ARI incidence,2026-03-29,2,DE,quantile,0.1,818.0966477185688
2026-03-25,ARI incidence,2026-03-29,2,DE,quantile,0.15,900.9787995342784
2026-03-25,ARI incidence,2026-03-29,2,DE,quantile,0.2,970.4666252342172
2026-03-25,ARI incidence,2026-03-29,2,DE,quantile,0.25,1032.6838315005689
2026-03-25,ARI incidence,2026-03-29,2,DE,quantile,0.3,1090.6388303405845
2026-03-25,ARI incidence,2026-03-29,2,DE,quantile,0.35,1146.126450007732
2026-03-25,ARI incidence,2026-03-29,2,DE,quantile,0.4,1200.3856508994672
2026-03-25,ARI incidence,2026-03-29,2,DE,quantile,0.45,1254.3891510515273
2026-03-25,ARI incidence,2026-03-29,2,DE,quantile,0.5,1309
2026-03-25,ARI incidence,2026-03-29,2,DE,quantile,0.55,1365.0786358897203
2026-03-25,ARI incidence,2026-03-29,2,DE,quantile,0.6,1423.5803803702706
2026-03-25,ARI incidence,2026-03-29,2,DE,quantile,0.65,1485.6738145701363
2026-03-25,ARI incidence,2026-03-29,2,DE,quantile,0.7,1552.9207597014959
2026-03-25,ARI incidence,2026-03-29,2,DE,quantile,0.75,1627.5982339362995
2026-03-25,ARI incidence,2026-03-29,2,DE,quantile,0.8,1713.3609095736024
2026-03-25,ARI incidence,2026-03-29,2,DE,quantile,0.85,1816.8398815687838
2026-03-25,ARI incidence,2026-03-29,2,DE,quantile,0.9,1952.4950541699238
2026-03-25,ARI incidence,2026-03-29,2,DE,quantile,0.95,2164.9635523317693
2026-03-25,ARI incidence,2026-03-29,2,DE,quantile,0.975,2360.528739771718
2026-03-25,ARI incidence,2026-03-29,2,DE,quantile,0.99,2601.415713772217
2026-03-25,ARI incidence,2026-03-29,2,EE,quantile,0.01,109.28486309644185
2026-03-25,ARI incidence,2026-03-29,2,EE,quantile,0.025,125.50121883439542
2026-03-25,ARI incidence,2026-03-29,2,EE,quantile,0.05,140.33328369398515
2026-03-25,ARI incidence,2026-03-29,2,EE,quantile,0.1,158.44799485592475
2026-03-25,ARI incidence,2026-03-29,2,EE,quantile,0.15,171.2828486638995
2026-03-25,ARI incidence,2026-03-29,2,EE,quantile,0.2,181.83544997594706
2026-03-25,ARI incidence,2026-03-29,2,EE,quantile,0.25,191.1368068223929
2026-03-25,ARI incidence,2026-03-29,2,EE,quantile,0.3,199.68491070779442
2026-03-25,ARI incidence,2026-03-29,2,EE,quantile,0.35,207.7707966777392
2026-03-25,ARI incidence,2026-03-29,2,EE,quantile,0.4,215.5900152293386
2026-03-25,ARI incidence,2026-03-29,2,EE,quantile,0.45,223.29092199939174
2026-03-25,ARI incidence,2026-03-29,2,EE,quantile,0.5,230.99999999999997
2026-03-25,ARI incidence,2026-03-29,2,EE,quantile,0.55,238.83824831878792
2026-03-25,ARI incidence,2026-03-29,2,EE,quantile,0.6,246.9350243059911
2026-03-25,ARI incidence,2026-03-29,2,EE,quantile,0.65,255.44372617691084
2026-03-25,ARI incidence,2026-03-29,2,EE,quantile,0.7,264.56460939812445
2026-03-25,ARI incidence,2026-03-29,2,EE,quantile,0.75,274.58468784379056
2026-03-25,ARI incidence,2026-03-29,2,EE,quantile,0.8,285.958894776051
2026-03-25,ARI incidence,2026-03-29,2,EE,quantile,0.85,299.50454204153556
2026-03-25,ARI incidence,2026-03-29,2,EE,quantile,0.9,316.98766343963877
2026-03-25,ARI incidence,2026-03-29,2,EE,quantile,0.95,343.8006921776822
2026-03-25,ARI incidence,2026-03-29,2,EE,quantile,0.975,367.9270635587957
2026-03-25,ARI incidence,2026-03-29,2,EE,quantile,0.99,396.9944722248867
2026-03-25,ARI incidence,2026-03-29,2,FI,quantile,0.01,2070.3939591653807
2026-03-25,ARI incidence,2026-03-29,2,FI,quantile,0.025,2195.040119933942
2026-03-25,ARI incidence,2026-03-29,2,FI,quantile,0.05,2304.6394080566297
2026-03-25,ARI incidence,2026-03-29,2,FI,quantile,0.1,2433.7254966227056
2026-03-25,ARI incidence,2026-03-29,2,FI,quantile,0.15,2522.4550007889525
2026-03-25,ARI incidence,2026-03-29,2,FI,quantile,0.2,2593.9080147716095
2026-03-25,ARI incidence,2026-03-29,2,FI,quantile,0.25,2655.8639911277173
2026-03-25,ARI incidence,2026-03-29,2,FI,quantile,0.3,2712.016255780784
2026-03-25,ARI incidence,2026-03-29,2,FI,quantile,0.35,2764.4821800347486
2026-03-25,ARI incidence,2026-03-29,2,FI,quantile,0.4,2814.6505941607375
2026-03-25,ARI incidence,2026-03-29,2,FI,quantile,0.45,2863.5433327485343
2026-03-25,ARI incidence,2026-03-29,2,FI,quantile,0.5,2912
2026-03-25,ARI incidence,2026-03-29,2,FI,quantile,0.55,2960.7920771866143
2026-03-25,ARI incidence,2026-03-29,2,FI,quantile,0.6,3010.712759337668
2026-03-25,ARI incidence,2026-03-29,2,FI,quantile,0.65,3062.6715743644654
2026-03-25,ARI incidence,2026-03-29,2,FI,quantile,0.7,3117.8251937146565
2026-03-25,ARI incidence,2026-03-29,2,FI,quantile,0.75,3177.8000849089244
2026-03-25,ARI incidence,2026-03-29,2,FI,quantile,0.8,3245.1394883317816
2026-03-25,ARI incidence,2026-03-29,2,FI,quantile,0.85,3324.3665343984935
2026-03-25,ARI incidence,2026-03-29,2,FI,quantile,0.9,3425.171048127582
2026-03-25,ARI incidence,2026-03-29,2,FI,quantile,0.95,3576.8589126193096
2026-03-25,ARI incidence,2026-03-29,2,FI,quantile,0.975,3710.6169352272354
2026-03-25,ARI incidence,2026-03-29,2,FI,quantile,0.99,3868.681131344358
2026-03-25,ARI incidence,2026-03-29,2,LT,quantile,0.01,352.9175152845064
2026-03-25,ARI incidence,2026-03-29,2,LT,quantile,0.025,390.50047950751207
2026-03-25,ARI incidence,2026-03-29,2,LT,quantile,0.05,426.0097947175161
2026-03-25,ARI incidence,2026-03-29,2,LT,quantile,0.1,470.9754530699286
2026-03-25,ARI incidence,2026-03-29,2,LT,quantile,0.15,503.9652675123577
2026-03-25,ARI incidence,2026-03-29,2,LT,quantile,0.2,531.8248785511582
2026-03-25,ARI incidence,2026-03-29,2,LT,quantile,0.25,556.9501814273766
2026-03-25,ARI incidence,2026-03-29,2,LT,quantile,0.3,580.5234988301947
2026-03-25,ARI incidence,2026-03-29,2,LT,quantile,0.35,603.2574411383409
2026-03-25,ARI incidence,2026-03-29,2,LT,quantile,0.4,625.6523967905426
2026-03-25,ARI incidence,2026-03-29,2,LT,quantile,0.45,648.1107604903699
2026-03-25,ARI incidence,2026-03-29,2,LT,quantile,0.5,671.0000000000001
2026-03-25,ARI incidence,2026-03-29,2,LT,quantile,0.55,694.6976156657875
2026-03-25,ARI incidence,2026-03-29,2,LT,quantile,0.6,719.6344205019212
2026-03-25,ARI incidence,2026-03-29,2,LT,quantile,0.65,746.3496830646627
2026-03-25,ARI incidence,2026-03-29,2,LT,quantile,0.7,775.5775621611784
2026-03-25,ARI incidence,2026-03-29,2,LT,quantile,0.75,808.4044408534038
2026-03-25,ARI incidence,2026-03-29,2,LT,quantile,0.8,846.5963480809404
2026-03-25,ARI incidence,2026-03-29,2,LT,quantile,0.85,893.396884714798
2026-03-25,ARI incidence,2026-03-29,2,LT,quantile,0.9,955.975512237896
2026-03-25,ARI incidence,2026-03-29,2,LT,quantile,0.95,1056.8794557847
2026-03-25,ARI incidence,2026-03-29,2,LT,quantile,0.975,1152.9844997062005
2026-03-25,ARI incidence,2026-03-29,2,LT,quantile,0.99,1275.768360878989
2026-03-25,ARI incidence,2026-03-29,2,LV,quantile,0.01,811.563485226035
2026-03-25,ARI incidence,2026-03-29,2,LV,quantile,0.025,880.9411873590914
2026-03-25,ARI incidence,2026-03-29,2,LV,quantile,0.05,943.9161654009753
2026-03-25,ARI incidence,2026-03-29,2,LV,quantile,0.1,1020.443584107668
2026-03-25,ARI incidence,2026-03-29,2,LV,quantile,0.15,1074.517377314963
2026-03-25,ARI incidence,2026-03-29,2,LV,quantile,0.2,1118.9308259053844
2026-03-25,ARI incidence,2026-03-29,2,LV,quantile,0.25,1158.0666318952224
2026-03-25,ARI incidence,2026-03-29,2,LV,quantile,0.3,1194.037221490126
2026-03-25,ARI incidence,2026-03-29,2,LV,quantile,0.35,1228.0759322034994
2026-03-25,ARI incidence,2026-03-29,2,LV,quantile,0.4,1261.0115417358645
2026-03-25,ARI incidence,2026-03-29,2,LV,quantile,0.45,1293.4735785969908
2026-03-25,ARI incidence,2026-03-29,2,LV,quantile,0.5,1326
2026-03-25,ARI incidence,2026-03-29,2,LV,quantile,0.55,1359.1070516522543
2026-03-25,ARI incidence,2026-03-29,2,LV,quantile,0.6,1393.3485688524597
2026-03-25,ARI incidence,2026-03-29,2,LV,quantile,0.65,1429.383556738432
2026-03-25,ARI incidence,2026-03-29,2,LV,quantile,0.7,1468.0749659683386
2026-03-25,ARI incidence,2026-03-29,2,LV,quantile,0.75,1510.6629595608545
2026-03-25,ARI incidence,2026-03-29,2,LV,quantile,0.8,1559.1181194820501
2026-03-25,ARI incidence,2026-03-29,2,LV,quantile,0.85,1616.9893951780882
2026-03-25,ARI incidence,2026-03-29,2,LV,quantile,0.9,1691.9666610305296
2026-03-25,ARI incidence,2026-03-29,2,LV,quantile,0.95,1807.621138486826
2026-03-25,ARI incidence,2026-03-29,2,LV,quantile,0.975,1912.4189074175115
2026-03-25,ARI incidence,2026-03-29,2,LV,quantile,0.99,2039.6493054270936
2026-03-25,ARI incidence,2026-03-29,2,RO,quantile,0.01,371.6608809631047
2026-03-25,ARI incidence,2026-03-29,2,RO,quantile,0.025,423.8206647384981
2026-03-25,ARI incidence,2026-03-29,2,RO,quantile,0.05,469.92120090280224
2026-03-25,ARI incidence,2026-03-29,2,RO,quantile,0.1,524.41141106635
2026-03-25,ARI incidence,2026-03-29,2,RO,quantile,0.15,561.9466338976033
2026-03-25,ARI incidence,2026-03-29,2,RO,quantile,0.2,592.2037847637147
2026-03-25,ARI incidence,2026-03-29,2,RO,quantile,0.25,618.4533083619151
2026-03-25,ARI incidence,2026-03-29,2,RO,quantile,0.3,642.2503156630712
2026-03-25,ARI incidence,2026-03-29,2,RO,quantile,0.35,664.4872788446123
2026-03-25,ARI incidence,2026-03-29,2,RO,quantile,0.4,685.7499693117223
2026-03-25,ARI incidence,2026-03-29,2,RO,quantile,0.45,706.469485085722
2026-03-25,ARI incidence,2026-03-29,2,RO,quantile,0.5,727.0000000000002
2026-03-25,ARI incidence,2026-03-29,2,RO,quantile,0.55,747.6667906888495
2026-03-25,ARI incidence,2026-03-29,2,RO,quantile,0.6,768.8040295232822
2026-03-25,ARI incidence,2026-03-29,2,RO,quantile,0.65,790.7945461943099
2026-03-25,ARI incidence,2026-03-29,2,RO,quantile,0.7,814.1247338356065
2026-03-25,ARI incidence,2026-03-29,2,RO,quantile,0.75,839.4779170447752
2026-03-25,ARI incidence,2026-03-29,2,RO,quantile,0.8,867.9216483633253
2026-03-25,ARI incidence,2026-03-29,2,RO,quantile,0.85,901.352869088809
2026-03-25,ARI incidence,2026-03-29,2,RO,quantile,0.9,943.8312277227903
2026-03-25,ARI incidence,2026-03-29,2,RO,quantile,0.95,1007.6173729554341
2026-03-25,ARI incidence,2026-03-29,2,RO,quantile,0.975,1063.7187654319675
2026-03-25,ARI incidence,2026-03-29,2,RO,quantile,0.99,1129.827115762936
2026-03-25,ARI incidence,2026-03-29,2,SI,quantile,0.01,479.8947848361977
2026-03-25,ARI incidence,2026-03-29,2,SI,quantile,0.025,569.0238071582075
2026-03-25,ARI incidence,2026-03-29,2,SI,quantile,0.05,652.1839497619345
2026-03-25,ARI incidence,2026-03-29,2,SI,quantile,0.1,755.6025155343594
2026-03-25,ARI incidence,2026-03-29,2,SI,quantile,0.15,829.9791027414936
2026-03-25,ARI incidence,2026-03-29,2,SI,quantile,0.2,891.7532792850244
2026-03-25,ARI incidence,2026-03-29,2,SI,quantile,0.25,946.6383102237231
2026-03-25,ARI incidence,2026-03-29,2,SI,quantile,0.3,997.4190157483088
2026-03-25,ARI incidence,2026-03-29,2,SI,quantile,0.35,1045.7398661955547
2026-03-25,ARI incidence,2026-03-29,2,SI,quantile,0.4,1092.7203276013352
2026-03-25,ARI incidence,2026-03-29,2,SI,quantile,0.45,1139.2236716512255
2026-03-25,ARI incidence,2026-03-29,2,SI,quantile,0.5,1186.0000000000007
2026-03-25,ARI incidence,2026-03-29,2,SI,quantile,0.55,1233.7812283896726
2026-03-25,ARI incidence,2026-03-29,2,SI,quantile,0.6,1283.3642452095824
2026-03-25,ARI incidence,2026-03-29,2,SI,quantile,0.65,1335.7083700478581
2026-03-25,ARI incidence,2026-03-29,2,SI,quantile,0.7,1392.0802785093774
2026-03-25,ARI incidence,2026-03-29,2,SI,quantile,0.75,1454.3102890974706
2026-03-25,ARI incidence,2026-03-29,2,SI,quantile,0.8,1525.3165141120085
2026-03-25,ARI incidence,2026-03-29,2,SI,quantile,0.85,1610.3647273848944
2026-03-25,ARI incidence,2026-03-29,2,SI,quantile,0.9,1720.8774638427612
2026-03-25,ARI incidence,2026-03-29,2,SI,quantile,0.95,1891.888228396389
2026-03-25,ARI incidence,2026-03-29,2,SI,quantile,0.975,2047.2288880263982
2026-03-25,ARI incidence,2026-03-29,2,SI,quantile,0.99,2236.0862736594245
2026-03-25,ARI incidence,2026-04-05,3,BG,quantile,0.01,316.70283758048566
2026-03-25,ARI incidence,2026-04-05,3,BG,quantile,0.025,396.51901331752066
2026-03-25,ARI incidence,2026-04-05,3,BG,quantile,0.05,469.03411432941823
2026-03-25,ARI incidence,2026-04-05,3,BG,quantile,0.1,556.7319483700278
2026-03-25,ARI incidence,2026-04-05,3,BG,quantile,0.15,618.2238585312208
2026-03-25,ARI incidence,2026-04-05,3,BG,quantile,0.2,668.3641770810852
2026-03-25,ARI incidence,2026-04-05,3,BG,quantile,0.25,712.2440739441772
2026-03-25,ARI incidence,2026-04-05,3,BG,quantile,0.3,752.3104738206476
2026-03-25,ARI incidence,2026-04-05,3,BG,quantile,0.35,789.982825822165
2026-03-25,ARI incidence,2026-04-05,3,BG,quantile,0.4,826.2044836480646
2026-03-25,ARI incidence,2026-04-05,3,BG,quantile,0.45,861.6803410659381
2026-03-25,ARI incidence,2026-04-05,3,BG,quantile,0.5,897
2026-03-25,ARI incidence,2026-04-05,3,BG,quantile,0.55,932.7156179080755
2026-03-25,ARI incidence,2026-04-05,3,BG,quantile,0.6,969.4052964793883
2026-03-25,ARI incidence,2026-04-05,3,BG,quantile,0.65,1007.7422251649537
2026-03-25,ARI incidence,2026-04-05,3,BG,quantile,0.7,1048.5926430003808
2026-03-25,ARI incidence,2026-04-05,3,BG,quantile,0.75,1093.1846984878152
2026-03-25,ARI incidence,2026-04-05,3,BG,quantile,0.8,1143.449338686828
2026-03-25,ARI incidence,2026-04-05,3,BG,quantile,0.85,1202.833163616001
2026-03-25,ARI incidence,2026-04-05,3,BG,quantile,0.9,1278.7387585209865
2026-03-25,ARI incidence,2026-04-05,3,BG,quantile,0.95,1393.6063032728102
2026-03-25,ARI incidence,2026-04-05,3,BG,quantile,0.975,1495.4516122583134
2026-03-25,ARI incidence,2026-04-05,3,BG,quantile,0.99,1616.3690283370893
2026-03-25,ARI incidence,2026-04-05,3,CZ,quantile,0.01,442.83584374799267
2026-03-25,ARI incidence,2026-04-05,3,CZ,quantile,0.025,510.4375085683099
2026-03-25,ARI incidence,2026-04-05,3,CZ,quantile,0.05,572.0275913544733
2026-03-25,ARI incidence,2026-04-05,3,CZ,quantile,0.1,646.9476792503532
2026-03-25,ARI incidence,2026-04-05,3,CZ,quantile,0.15,699.8384689037869
2026-03-25,ARI incidence,2026-04-05,3,CZ,quantile,0.2,743.2094295305409
2026-03-25,ARI incidence,2026-04-05,3,CZ,quantile,0.25,781.3544907237393
2026-03-25,ARI incidence,2026-04-05,3,CZ,quantile,0.3,816.3435067621925
2026-03-25,ARI incidence,2026-04-05,3,CZ,quantile,0.35,849.383052147185
2026-03-25,ARI incidence,2026-04-05,3,CZ,quantile,0.4,881.2810373824902
2026-03-25,ARI incidence,2026-04-05,3,CZ,quantile,0.45,912.6475907284212
2026-03-25,ARI incidence,2026-04-05,3,CZ,quantile,0.5,943.9999999999998
2026-03-25,ARI incidence,2026-04-05,3,CZ,quantile,0.55,975.8301449605472
2026-03-25,ARI incidence,2026-04-05,3,CZ,quantile,0.6,1008.6608491908602
2026-03-25,ARI incidence,2026-04-05,3,CZ,quantile,0.65,1043.1090493531747
2026-03-25,ARI incidence,2026-04-05,3,CZ,quantile,0.7,1079.9770388456418
2026-03-25,ARI incidence,2026-04-05,3,CZ,quantile,0.75,1120.411423090507
2026-03-25,ARI incidence,2026-04-05,3,CZ,quantile,0.8,1166.2258065199828
2026-03-25,ARI incidence,2026-04-05,3,CZ,quantile,0.85,1220.6729885709772
2026-03-25,ARI incidence,2026-04-05,3,CZ,quantile,0.9,1290.770756777849
2026-03-25,ARI incidence,2026-04-05,3,CZ,quantile,0.95,1397.9080091578965
2026-03-25,ARI incidence,2026-04-05,3,CZ,quantile,0.975,1493.9485572001608
2026-03-25,ARI incidence,2026-04-05,3,CZ,quantile,0.99,1609.2290827455206
2026-03-25,ARI incidence,2026-04-05,3,DE,quantile,0.01,449.8953352227137
2026-03-25,ARI incidence,2026-04-05,3,DE,quantile,0.025,554.0428015883672
2026-03-25,ARI incidence,2026-04-05,3,DE,quantile,0.05,654.0740992164313
2026-03-25,ARI incidence,2026-04-05,3,DE,quantile,0.1,781.8252013206545
2026-03-25,ARI incidence,2026-04-05,3,DE,quantile,0.15,875.7497328016325
2026-03-25,ARI incidence,2026-04-05,3,DE,quantile,0.2,954.9455669572734
2026-03-25,ARI incidence,2026-04-05,3,DE,quantile,0.25,1026.1527717609033
2026-03-25,ARI incidence,2026-04-05,3,DE,quantile,0.3,1092.7036751100743
2026-03-25,ARI incidence,2026-04-05,3,DE,quantile,0.35,1156.5994462210037
2026-03-25,ARI incidence,2026-04-05,3,DE,quantile,0.4,1219.2318991824118
2026-03-25,ARI incidence,2026-04-05,3,DE,quantile,0.45,1281.7031585141765
2026-03-25,ARI incidence,2026-04-05,3,DE,quantile,0.5,1345
2026-03-25,ARI incidence,2026-04-05,3,DE,quantile,0.55,1410.1147143456767
2026-03-25,ARI incidence,2026-04-05,3,DE,quantile,0.6,1478.1570313636546
2026-03-25,ARI incidence,2026-04-05,3,DE,quantile,0.65,1550.4918796657228
2026-03-25,ARI incidence,2026-04-05,3,DE,quantile,0.7,1628.950472917318
2026-03-25,ARI incidence,2026-04-05,3,DE,quantile,0.75,1716.2092513063324
2026-03-25,ARI incidence,2026-04-05,3,DE,quantile,0.8,1816.5707394679641
2026-03-25,ARI incidence,2026-04-05,3,DE,quantile,0.85,1937.8492616400388
2026-03-25,ARI incidence,2026-04-05,3,DE,quantile,0.9,2097.096249704342
2026-03-25,ARI incidence,2026-04-05,3,DE,quantile,0.95,2346.9772394738047
2026-03-25,ARI incidence,2026-04-05,3,DE,quantile,0.975,2577.3491888812914
2026-03-25,ARI incidence,2026-04-05,3,DE,quantile,0.99,2861.445048669815
2026-03-25,ARI incidence,2026-04-05,3,EE,quantile,0.01,120.32854246798587
2026-03-25,ARI incidence,2026-04-05,3,EE,quantile,0.025,134.0621639302082
2026-03-25,ARI incidence,2026-04-05,3,EE,quantile,0.05,147.12115439709243
2026-03-25,ARI incidence,2026-04-05,3,EE,quantile,0.1,163.76378932702124
2026-03-25,ARI incidence,2026-04-05,3,EE,quantile,0.15,176.0435244483757
2026-03-25,ARI incidence,2026-04-05,3,EE,quantile,0.2,186.45649174961483
2026-03-25,ARI incidence,2026-04-05,3,EE,quantile,0.25,195.879407504
2026-03-25,ARI incidence,2026-04-05,3,EE,quantile,0.3,204.74663209659587
2026-03-25,ARI incidence,2026-04-05,3,EE,quantile,0.35,213.32136815284528
2026-03-25,ARI incidence,2026-04-05,3,EE,quantile,0.4,221.78977197388994
2026-03-25,ARI incidence,2026-04-05,3,EE,quantile,0.45,230.30288668866632
2026-03-25,ARI incidence,2026-04-05,3,EE,quantile,0.5,239.00000000000009
2026-03-25,ARI incidence,2026-04-05,3,EE,quantile,0.55,248.02554940276866
2026-03-25,ARI incidence,2026-04-05,3,EE,quantile,0.6,257.5456906404348
2026-03-25,ARI incidence,2026-04-05,3,EE,quantile,0.65,267.7697058415297
2026-03-25,ARI incidence,2026-04-05,3,EE,quantile,0.7,278.9838319443094
2026-03-25,ARI incidence,2026-04-05,3,EE,quantile,0.75,291.61309362666714
2026-03-25,ARI incidence,2026-04-05,3,EE,quantile,0.8,306.35028828444126
2026-03-25,ARI incidence,2026-04-05,3,EE,quantile,0.85,324.4708953594633
2026-03-25,ARI incidence,2026-04-05,3,EE,quantile,0.9,348.80116193412357
2026-03-25,ARI incidence,2026-04-05,3,EE,quantile,0.95,388.25823678507567
2026-03-25,ARI incidence,2026-04-05,3,EE,quantile,0.975,426.0784573769586
2026-03-25,ARI incidence,2026-04-05,3,EE,quantile,0.99,474.70865040351856
2026-03-25,ARI incidence,2026-04-05,3,FI,quantile,0.01,1329.4770376207705
2026-03-25,ARI incidence,2026-04-05,3,FI,quantile,0.025,1572.903697717412
2026-03-25,ARI incidence,2026-04-05,3,FI,quantile,0.05,1786.6895848532613
2026-03-25,ARI incidence,2026-04-05,3,FI,quantile,0.1,2037.7612964602454
2026-03-25,ARI incidence,2026-04-05,3,FI,quantile,0.15,2209.721004467137
2026-03-25,ARI incidence,2026-04-05,3,FI,quantile,0.2,2347.7700684351903
2026-03-25,ARI incidence,2026-04-05,3,FI,quantile,0.25,2467.1353570281058
2026-03-25,ARI incidence,2026-04-05,3,FI,quantile,0.3,2575.03603020082
2026-03-25,ARI incidence,2026-04-05,3,FI,quantile,0.35,2675.600965717058
2026-03-25,ARI incidence,2026-04-05,3,FI,quantile,0.4,2771.5280775413794
2026-03-25,ARI incidence,2026-04-05,3,FI,quantile,0.45,2864.7912097873364
2026-03-25,ARI incidence,2026-04-05,3,FI,quantile,0.5,2957.000000000001
2026-03-25,ARI incidence,2026-04-05,3,FI,quantile,0.55,3049.620227130189
2026-03-25,ARI incidence,2026-04-05,3,FI,quantile,0.6,3144.1447597483157
2026-03-25,ARI incidence,2026-04-05,3,FI,quantile,0.65,3242.2705301667283
2026-03-25,ARI incidence,2026-04-05,3,FI,quantile,0.7,3346.139950591054
2026-03-25,ARI incidence,2026-04-05,3,FI,quantile,0.75,3458.7486625178476
2026-03-25,ARI incidence,2026-04-05,3,FI,quantile,0.8,3584.7607359160124
2026-03-25,ARI incidence,2026-04-05,3,FI,quantile,0.85,3732.44257419438
2026-03-25,ARI incidence,2026-04-05,3,FI,quantile,0.9,3919.4465889339513
2026-03-25,ARI incidence,2026-04-05,3,FI,quantile,0.95,4198.956511291024
2026-03-25,ARI incidence,2026-04-05,3,FI,quantile,0.975,4443.562183811845
2026-03-25,ARI incidence,2026-04-05,3,FI,quantile,0.99,4730.395481383722
2026-03-25,ARI incidence,2026-04-05,3,LT,quantile,0.01,320.7766985301581
2026-03-25,ARI incidence,2026-04-05,3,LT,quantile,0.025,362.56075400798113
2026-03-25,ARI incidence,2026-04-05,3,LT,quantile,0.05,402.82534364930837
2026-03-25,ARI incidence,2026-04-05,3,LT,quantile,0.1,454.8282790981803
2026-03-25,ARI incidence,2026-04-05,3,LT,quantile,0.15,493.6561978949661
2026-03-25,ARI incidence,2026-04-05,3,LT,quantile,0.2,526.8659993950322
2026-03-25,ARI incidence,2026-04-05,3,LT,quantile,0.25,557.1319975104474
2026-03-25,ARI incidence,2026-04-05,3,LT,quantile,0.3,585.7906989125181
2026-03-25,ARI incidence,2026-04-05,3,LT,quantile,0.35,613.661584367429
2026-03-25,ARI incidence,2026-04-05,3,LT,quantile,0.4,641.3334891514719
2026-03-25,ARI incidence,2026-04-05,3,LT,quantile,0.45,669.2934653249927
2026-03-25,ARI incidence,2026-04-05,3,LT,quantile,0.5,698
2026-03-25,ARI incidence,2026-04-05,3,LT,quantile,0.55,727.9377810202069
2026-03-25,ARI incidence,2026-04-05,3,LT,quantile,0.6,759.6734121035909
2026-03-25,ARI incidence,2026-04-05,3,LT,quantile,0.65,793.9294432161932
2026-03-25,ARI incidence,2026-04-05,3,LT,quantile,0.7,831.7032020215788
2026-03-25,ARI incidence,2026-04-05,3,LT,quantile,0.75,874.4857631173192
2026-03-25,ARI incidence,2026-04-05,3,LT,quantile,0.8,924.720897836312
2026-03-25,ARI incidence,2026-04-05,3,LT,quantile,0.85,986.9297743602137
2026-03-25,ARI incidence,2026-04-05,3,LT,quantile,0.9,1071.1822953621381
2026-03-25,ARI incidence,2026-04-05,3,LT,quantile,0.95,1209.46709952825
2026-03-25,ARI incidence,2026-04-05,3,LT,quantile,0.975,1343.7858196567931
2026-03-25,ARI incidence,2026-04-05,3,LT,quantile,0.99,1518.8260314182235
2026-03-25,ARI incidence,2026-04-05,3,LV,quantile,0.01,750.2893793404972
2026-03-25,ARI incidence,2026-04-05,3,LV,quantile,0.025,819.810265985291
2026-03-25,ARI incidence,2026-04-05,3,LV,quantile,0.05,884.7329288791464
2026-03-25,ARI incidence,2026-04-05,3,LV,quantile,0.1,965.9908958585639
2026-03-25,ARI incidence,2026-04-05,3,LV,quantile,0.15,1024.9908113607692
2026-03-25,ARI incidence,2026-04-05,3,LV,quantile,0.2,1074.4416197114508
2026-03-25,ARI incidence,2026-04-05,3,LV,quantile,0.25,1118.7630822308356
2026-03-25,ARI incidence,2026-04-05,3,LV,quantile,0.3,1160.1211174272937
2026-03-25,ARI incidence,2026-04-05,3,LV,quantile,0.35,1199.8090807748063
2026-03-25,ARI incidence,2026-04-05,3,LV,quantile,0.4,1238.7237913967867
2026-03-25,ARI incidence,2026-04-05,3,LV,quantile,0.45,1277.5751264377407
2026-03-25,ARI incidence,2026-04-05,3,LV,quantile,0.5,1316.9999999999995
2026-03-25,ARI incidence,2026-04-05,3,LV,quantile,0.55,1357.6414913745773
2026-03-25,ARI incidence,2026-04-05,3,LV,quantile,0.6,1400.2225613542032
2026-03-25,ARI incidence,2026-04-05,3,LV,quantile,0.65,1445.6374999928403
2026-03-25,ARI incidence,2026-04-05,3,LV,quantile,0.7,1495.0930329123169
2026-03-25,ARI incidence,2026-04-05,3,LV,quantile,0.75,1550.3630997023902
2026-03-25,ARI incidence,2026-04-05,3,LV,quantile,0.8,1614.3166535803111
2026-03-25,ARI incidence,2026-04-05,3,LV,quantile,0.85,1692.1995600109874
2026-03-25,ARI incidence,2026-04-05,3,LV,quantile,0.9,1795.5541894195603
2026-03-25,ARI incidence,2026-04-05,3,LV,quantile,0.95,1960.4661965022515
2026-03-25,ARI incidence,2026-04-05,3,LV,quantile,0.975,2115.7200293355663
2026-03-25,ARI incidence,2026-04-05,3,LV,quantile,0.99,2311.760032541858
2026-03-25,ARI incidence,2026-04-05,3,RO,quantile,0.01,320.4476415886381
2026-03-25,ARI incidence,2026-04-05,3,RO,quantile,0.025,385.02104579444335
2026-03-25,ARI incidence,2026-04-05,3,RO,quantile,0.05,440.64592574040006
2026-03-25,ARI incidence,2026-04-05,3,RO,quantile,0.1,504.86520255826724
2026-03-25,ARI incidence,2026-04-05,3,RO,quantile,0.15,548.2407845428345
2026-03-25,ARI incidence,2026-04-05,3,RO,quantile,0.2,582.7390769477106
2026-03-25,ARI incidence,2026-04-05,3,RO,quantile,0.25,612.3519507936849
2026-03-25,ARI incidence,2026-04-05,3,RO,quantile,0.3,638.957514845862
2026-03-25,ARI incidence,2026-04-05,3,RO,quantile,0.35,663.6214841898
2026-03-25,ARI incidence,2026-04-05,3,RO,quantile,0.4,687.0337025554542
2026-03-25,ARI incidence,2026-04-05,3,RO,quantile,0.45,709.6929284625104
2026-03-25,ARI incidence,2026-04-05,3,RO,quantile,0.5,732.0000000000001
2026-03-25,ARI incidence,2026-04-05,3,RO,quantile,0.55,754.3139023308354
2026-03-25,ARI incidence,2026-04-05,3,RO,quantile,0.6,776.9940753049855
2026-03-25,ARI incidence,2026-04-05,3,RO,quantile,0.65,800.4428228933272
2026-03-25,ARI incidence,2026-04-05,3,RO,quantile,0.7,825.1617369436917
2026-03-25,ARI incidence,2026-04-05,3,RO,quantile,0.75,851.8456728485771
2026-03-25,ARI incidence,2026-04-05,3,RO,quantile,0.8,881.5693736057506
2026-03-25,ARI incidence,2026-04-05,3,RO,quantile,0.85,916.2286654686707
2026-03-25,ARI incidence,2026-04-05,3,RO,quantile,0.9,959.8566300913268
2026-03-25,ARI incidence,2026-04-05,3,RO,quantile,0.95,1024.5562570610205
2026-03-25,ARI incidence,2026-04-05,3,RO,quantile,0.975,1080.7068981980133
2026-03-25,ARI incidence,2026-04-05,3,RO,quantile,0.99,1146.0309318748023
2026-03-25,ARI incidence,2026-04-05,3,SI,quantile,0.01,494.4445044608349
2026-03-25,ARI incidence,2026-04-05,3,SI,quantile,0.025,569.4335358544648
2026-03-25,ARI incidence,2026-04-05,3,SI,quantile,0.05,642.9635335648837
2026-03-25,ARI incidence,2026-04-05,3,SI,quantile,0.1,739.5984474255545
2026-03-25,ARI incidence,2026-04-05,3,SI,quantile,0.15,812.875383865437
2026-03-25,ARI incidence,2026-04-05,3,SI,quantile,0.2,876.2574250406623
2026-03-25,ARI incidence,2026-04-05,3,SI,quantile,0.25,934.55797434689
2026-03-25,ARI incidence,2026-04-05,3,SI,quantile,0.3,990.2121388391614
2026-03-25,ARI incidence,2026-04-05,3,SI,quantile,0.35,1044.7383125772385
2026-03-25,ARI incidence,2026-04-05,3,SI,quantile,0.4,1099.2520325920445
2026-03-25,ARI incidence,2026-04-05,3,SI,quantile,0.45,1154.700547735934
2026-03-25,ARI incidence,2026-04-05,3,SI,quantile,0.5,1211.9999999999998
2026-03-25,ARI incidence,2026-04-05,3,SI,quantile,0.55,1272.1428104283964
2026-03-25,ARI incidence,2026-04-05,3,SI,quantile,0.6,1336.3122891264695
2026-03-25,ARI incidence,2026-04-05,3,SI,quantile,0.65,1406.0401368609703
2026-03-25,ARI incidence,2026-04-05,3,SI,quantile,0.7,1483.4639390727543
2026-03-25,ARI incidence,2026-04-05,3,SI,quantile,0.75,1571.8061803780145
2026-03-25,ARI incidence,2026-04-05,3,SI,quantile,0.8,1676.3840830585075
2026-03-25,ARI incidence,2026-04-05,3,SI,quantile,0.85,1807.0961787707029
2026-03-25,ARI incidence,2026-04-05,3,SI,quantile,0.9,1986.1372142048183
2026-03-25,ARI incidence,2026-04-05,3,SI,quantile,0.95,2284.6458987425012
2026-03-25,ARI incidence,2026-04-05,3,SI,quantile,0.975,2579.658392960246
2026-03-25,ARI incidence,2026-04-05,3,SI,quantile,0.99,2970.8976169161874
2026-03-25,ARI incidence,2026-04-12,4,BG,quantile,0.01,250.8585384333964
2026-03-25,ARI incidence,2026-04-12,4,BG,quantile,0.025,338.2867532840759
2026-03-25,ARI incidence,2026-04-12,4,BG,quantile,0.05,418.37464015339003
2026-03-25,ARI incidence,2026-04-12,4,BG,quantile,0.1,515.7000552146063
2026-03-25,ARI incidence,2026-04-12,4,BG,quantile,0.15,584.124238571292
2026-03-25,ARI incidence,2026-04-12,4,BG,quantile,0.2,639.984477511718
2026-03-25,ARI incidence,2026-04-12,4,BG,quantile,0.25,688.9025405371544
2026-03-25,ARI incidence,2026-04-12,4,BG,quantile,0.3,733.586478277709
2026-03-25,ARI incidence,2026-04-12,4,BG,quantile,0.35,775.6096706650883
2026-03-25,ARI incidence,2026-04-12,4,BG,quantile,0.4,816.0189867278084
2026-03-25,ARI incidence,2026-04-12,4,BG,quantile,0.45,855.5973450676767
2026-03-25,ARI incidence,2026-04-12,4,BG,quantile,0.5,894.9999999999997
2026-03-25,ARI incidence,2026-04-12,4,BG,quantile,0.55,934.8407964079827
2026-03-25,ARI incidence,2026-04-12,4,BG,quantile,0.6,975.7624858466679
2026-03-25,ARI incidence,2026-04-12,4,BG,quantile,0.65,1018.5134822011887
2026-03-25,ARI incidence,2026-04-12,4,BG,quantile,0.7,1064.056634884428
2026-03-25,ARI incidence,2026-04-12,4,BG,quantile,0.75,1113.7567150681882
2026-03-25,ARI incidence,2026-04-12,4,BG,quantile,0.8,1169.7588382124445
2026-03-25,ARI incidence,2026-04-12,4,BG,quantile,0.85,1235.8905908188558
2026-03-25,ARI incidence,2026-04-12,4,BG,quantile,0.9,1320.3694904262443
2026-03-25,ARI incidence,2026-04-12,4,BG,quantile,0.95,1448.0917394852922
2026-03-25,ARI incidence,2026-04-12,4,BG,quantile,0.975,1561.207974722323
2026-03-25,ARI incidence,2026-04-12,4,BG,quantile,0.99,1695.3474517640345
2026-03-25,ARI incidence,2026-04-12,4,CZ,quantile,0.01,445.1209314383039
2026-03-25,ARI incidence,2026-04-12,4,CZ,quantile,0.025,506.850753467982
2026-03-25,ARI incidence,2026-04-12,4,CZ,quantile,0.05,564.9029988049675
2026-03-25,ARI incidence,2026-04-12,4,CZ,quantile,0.1,637.8812467497377
2026-03-25,ARI incidence,2026-04-12,4,CZ,quantile,0.15,690.9732163348764
2026-03-25,ARI incidence,2026-04-12,4,CZ,quantile,0.2,735.4832844753361
2026-03-25,ARI incidence,2026-04-12,4,CZ,quantile,0.25,775.3565899444375
2026-03-25,ARI incidence,2026-04-12,4,CZ,quantile,0.3,812.5288418690702
2026-03-25,ARI incidence,2026-04-12,4,CZ,quantile,0.35,848.1551663824596
2026-03-25,ARI incidence,2026-04-12,4,CZ,quantile,0.4,883.0343640557086
2026-03-25,ARI incidence,2026-04-12,4,CZ,quantile,0.45,917.7956807454934
2026-03-25,ARI incidence,2026-04-12,4,CZ,quantile,0.5,952.9999999999999
2026-03-25,ARI incidence,2026-04-12,4,CZ,quantile,0.55,989.2094509025648
2026-03-25,ARI incidence,2026-04-12,4,CZ,quantile,0.6,1027.0513814872718
2026-03-25,ARI incidence,2026-04-12,4,CZ,quantile,0.65,1067.2967146598592
2026-03-25,ARI incidence,2026-04-12,4,CZ,quantile,0.7,1110.9797949648998
2026-03-25,ARI incidence,2026-04-12,4,CZ,quantile,0.75,1159.6135644013502
2026-03-25,ARI incidence,2026-04-12,4,CZ,quantile,0.8,1215.6334466229102
2026-03-25,ARI incidence,2026-04-12,4,CZ,quantile,0.85,1283.4711011053967
2026-03-25,ARI incidence,2026-04-12,4,CZ,quantile,0.9,1372.822002037112
2026-03-25,ARI incidence,2026-04-12,4,CZ,quantile,0.95,1513.751881510301
2026-03-25,ARI incidence,2026-04-12,4,CZ,quantile,0.975,1644.5558559845535
2026-03-25,ARI incidence,2026-04-12,4,CZ,quantile,0.99,1807.1232176271524
2026-03-25,ARI incidence,2026-04-12,4,DE,quantile,0.01,451.85709523682897
2026-03-25,ARI incidence,2026-04-12,4,DE,quantile,0.025,551.432477653504
2026-03-25,ARI incidence,2026-04-12,4,DE,quantile,0.05,649.09982379341875
2026-03-25,ARI incidence,2026-04-12,4,DE,quantile,0.1,776.6918171824028
2026-03-25,ARI incidence,2026-04-12,4,DE,quantile,0.15,872.4992115915995
2026-03-25,ARI incidence,2026-04-12,4,DE,quantile,0.2,954.5652581139973
2026-03-25,ARI incidence,2026-04-12,4,DE,quantile,0.25,1029.3323760224678
2026-03-25,ARI incidence,2026-04-12,4,DE,quantile,0.3,1100.0315232961918
2026-03-25,ARI incidence,2026-04-12,4,DE,quantile,0.35,1168.6423886982018
2026-03-25,ARI incidence,2026-04-12,4,DE,quantile,0.4,1236.580487336971
2026-03-25,ARI incidence,2026-04-12,4,DE,quantile,0.45,1305.0063678494034
2026-03-25,ARI incidence,2026-04-12,4,DE,quantile,0.5,1375.0000000000005
2026-03-25,ARI incidence,2026-04-12,4,DE,quantile,0.55,1447.6889476546864
2026-03-25,ARI incidence,2026-04-12,4,DE,quantile,0.6,1524.3757974004156
2026-03-25,ARI incidence,2026-04-12,4,DE,quantile,0.65,1606.704200719436
2026-03-25,ARI incidence,2026-04-12,4,DE,quantile,0.7,1696.9219321644482
2026-03-25,ARI incidence,2026-04-12,4,DE,quantile,0.75,1798.361333847975
2026-03-25,ARI incidence,2026-04-12,4,DE,quantile,0.8,1916.4389829914983
2026-03-25,ARI incidence,2026-04-12,4,DE,quantile,0.85,2061.087256161656
2026-03-25,ARI incidence,2026-04-12,4,DE,quantile,0.9,2254.1915365992722
2026-03-25,ARI incidence,2026-04-12,4,DE,quantile,0.95,2564.199591470534
2026-03-25,ARI incidence,2026-04-12,4,DE,quantile,0.975,2857.2773572461865
2026-03-25,ARI incidence,2026-04-12,4,DE,quantile,0.99,3227.886197791288
2026-03-25,ARI incidence,2026-04-12,4,EE,quantile,0.01,114.04338411332286
2026-03-25,ARI incidence,2026-04-12,4,EE,quantile,0.025,129.13020049711383
2026-03-25,ARI incidence,2026-04-12,4,EE,quantile,0.05,143.69261529265643
2026-03-25,ARI incidence,2026-04-12,4,EE,quantile,0.1,162.531788591861
2026-03-25,ARI incidence,2026-04-12,4,EE,quantile,0.15,176.6188767891943
2026-03-25,ARI incidence,2026-04-12,4,EE,quantile,0.2,188.68062386022896
2026-03-25,ARI incidence,2026-04-12,4,EE,quantile,0.25,199.68292406431868
2026-03-25,ARI incidence,2026-04-12,4,EE,quantile,0.3,210.10903244187801
2026-03-25,ARI incidence,2026-04-12,4,EE,quantile,0.35,220.25571360895805
2026-03-25,ARI incidence,2026-04-12,4,EE,quantile,0.4,230.3366440938762
2026-03-25,ARI incidence,2026-04-12,4,EE,quantile,0.45,240.52900054861206
2026-03-25,ARI incidence,2026-04-12,4,EE,quantile,0.5,250.9999999999999
2026-03-25,ARI incidence,2026-04-12,4,EE,quantile,0.55,261.9268356676481
2026-03-25,ARI incidence,2026-04-12,4,EE,quantile,0.6,273.5170526072404
2026-03-25,ARI incidence,2026-04-12,4,EE,quantile,0.65,286.0357126165268
2026-03-25,ARI incidence,2026-04-12,4,EE,quantile,0.7,299.8490796316801
2026-03-25,ARI incidence,2026-04-12,4,EE,quantile,0.75,315.50519552541743
2026-03-25,ARI incidence,2026-04-12,4,EE,quantile,0.8,333.90286035236926
2026-03-25,ARI incidence,2026-04-12,4,EE,quantile,0.85,356.7059260330117
2026-03-25,ARI incidence,2026-04-12,4,EE,quantile,0.9,387.62263398333647
2026-03-25,ARI incidence,2026-04-12,4,EE,quantile,0.95,438.4428515806942
2026-03-25,ARI incidence,2026-04-12,4,EE,quantile,0.975,487.88741717634116
2026-03-25,ARI incidence,2026-04-12,4,EE,quantile,0.99,552.4301167474738
2026-03-25,ARI incidence,2026-04-12,4,FI,quantile,0.01,1394.5729272707
2026-03-25,ARI incidence,2026-04-12,4,FI,quantile,0.025,1610.5991957101548
2026-03-25,ARI incidence,2026-04-12,4,FI,quantile,0.05,1808.6990167370288
2026-03-25,ARI incidence,2026-04-12,4,FI,quantile,0.1,2051.200419259484
2026-03-25,ARI incidence,2026-04-12,4,FI,quantile,0.15,2223.34059548331
2026-03-25,ARI incidence,2026-04-12,4,FI,quantile,0.2,2365.047264209111
2026-03-25,ARI incidence,2026-04-12,4,FI,quantile,0.25,2490.071858609448
2026-03-25,ARI incidence,2026-04-12,4,FI,quantile,0.3,2605.064035844637
2026-03-25,ARI incidence,2026-04-12,4,FI,quantile,0.35,2713.9147914275063
2026-03-25,ARI incidence,2026-04-12,4,FI,quantile,0.4,2819.2425187890512
2026-03-25,ARI incidence,2026-04-12,4,FI,quantile,0.45,2923.0374218598204
2026-03-25,ARI incidence,2026-04-12,4,FI,quantile,0.5,3026.9999999999995
2026-03-25,ARI incidence,2026-04-12,4,FI,quantile,0.55,3132.7607616406663
2026-03-25,ARI incidence,2026-04-12,4,FI,quantile,0.6,3242.066568662439
2026-03-25,ARI incidence,2026-04-12,4,FI,quantile,0.65,3356.992600507492
2026-03-25,ARI incidence,2026-04-12,4,FI,quantile,0.7,3480.2515451365784
2026-03-25,ARI incidence,2026-04-12,4,FI,quantile,0.75,3615.7350310225575
2026-03-25,ARI incidence,2026-04-12,4,FI,quantile,0.8,3769.6156258672963
2026-03-25,ARI incidence,2026-04-12,4,FI,quantile,0.85,3952.9881192656594
2026-03-25,ARI incidence,2026-04-12,4,FI,quantile,0.9,4189.835886173252
2026-03-25,ARI incidence,2026-04-12,4,FI,quantile,0.95,4553.423585405629
2026-03-25,ARI incidence,2026-04-12,4,FI,quantile,0.975,4880.904492219098
2026-03-25,ARI incidence,2026-04-12,4,FI,quantile,0.99,5275.82037575653
2026-03-25,ARI incidence,2026-04-12,4,LT,quantile,0.01,319.15047461398615
2026-03-25,ARI incidence,2026-04-12,4,LT,quantile,0.025,361.9820377898678
2026-03-25,ARI incidence,2026-04-12,4,LT,quantile,0.05,403.3896491211641
2026-03-25,ARI incidence,2026-04-12,4,LT,quantile,0.1,457.0421350268495
2026-03-25,ARI incidence,2026-04-12,4,LT,quantile,0.15,497.21699950380037
2026-03-25,ARI incidence,2026-04-12,4,LT,quantile,0.2,531.6506202057543
2026-03-25,ARI incidence,2026-04-12,4,LT,quantile,0.25,563.0859373166898
2026-03-25,ARI incidence,2026-04-12,4,LT,quantile,0.3,592.8967590946513
2026-03-25,ARI incidence,2026-04-12,4,LT,quantile,0.35,621.9279680097623
2026-03-25,ARI incidence,2026-04-12,4,LT,quantile,0.4,650.7890794188537
2026-03-25,ARI incidence,2026-04-12,4,LT,quantile,0.45,679.9866687122961
2026-03-25,ARI incidence,2026-04-12,4,LT,quantile,0.5,710.0000000000002
2026-03-25,ARI incidence,2026-04-12,4,LT,quantile,0.55,741.338063222069
2026-03-25,ARI incidence,2026-04-12,4,LT,quantile,0.6,774.5981239423303
2026-03-25,ARI incidence,2026-04-12,4,LT,quantile,0.65,810.5440274911186
2026-03-25,ARI incidence,2026-04-12,4,LT,quantile,0.7,850.232341916925
2026-03-25,ARI incidence,2026-04-12,4,LT,quantile,0.75,895.2452309539481
2026-03-25,ARI incidence,2026-04-12,4,LT,quantile,0.8,948.1790876213186
2026-03-25,ARI incidence,2026-04-12,4,LT,quantile,0.85,1013.8430514303992
2026-03-25,ARI incidence,2026-04-12,4,LT,quantile,0.9,1102.9617651562612
2026-03-25,ARI incidence,2026-04-12,4,LT,quantile,0.95,1249.6602257847878
2026-03-25,ARI incidence,2026-04-12,4,LT,quantile,0.975,1392.6105369146317
2026-03-25,ARI incidence,2026-04-12,4,LT,quantile,0.99,1579.5057193936852
2026-03-25,ARI incidence,2026-04-12,4,LV,quantile,0.01,544.769683633952
2026-03-25,ARI incidence,2026-04-12,4,LV,quantile,0.025,651.8495317657323
2026-03-25,ARI incidence,2026-04-12,4,LV,quantile,0.05,748.0520680778543
2026-03-25,ARI incidence,2026-04-12,4,LV,quantile,0.1,863.3716653045357
2026-03-25,ARI incidence,2026-04-12,4,LV,quantile,0.15,943.7004743018592
2026-03-25,ARI incidence,2026-04-12,4,LV,quantile,0.2,1008.9308607923263
2026-03-25,ARI incidence,2026-04-12,4,LV,quantile,0.25,1065.8420602108154
2026-03-25,ARI incidence,2026-04-12,4,LV,quantile,0.3,1117.6787490265842
2026-03-25,ARI incidence,2026-04-12,4,LV,quantile,0.35,1166.3155751761326
2026-03-25,ARI incidence,2026-04-12,4,LV,quantile,0.4,1212.9927864879346
2026-03-25,ARI incidence,2026-04-12,4,LV,quantile,0.45,1258.6321702369748
2026-03-25,ARI incidence,2026-04-12,4,LV,quantile,0.5,1304
2026-03-25,ARI incidence,2026-04-12,4,LV,quantile,0.55,1349.8091894564416
2026-03-25,ARI incidence,2026-04-12,4,LV,quantile,0.6,1396.801500605294
2026-03-25,ARI incidence,2026-04-12,4,LV,quantile,0.65,1445.836141356542
2026-03-25,ARI incidence,2026-04-12,4,LV,quantile,0.7,1498.0142479888043
2026-03-25,ARI incidence,2026-04-12,4,LV,quantile,0.75,1554.892537246236
2026-03-25,ARI incidence,2026-04-12,4,LV,quantile,0.8,1618.9137738624909
2026-03-25,ARI incidence,2026-04-12,4,LV,quantile,0.85,1694.4322324480197
2026-03-25,ARI incidence,2026-04-12,4,LV,quantile,0.9,1790.7902698790226
2026-03-25,ARI incidence,2026-04-12,4,LV,quantile,0.95,1936.2787815971772
2026-03-25,ARI incidence,2026-04-12,4,LV,quantile,0.975,2064.976959341885
2026-03-25,ARI incidence,2026-04-12,4,LV,quantile,0.99,2217.4548536501497
2026-03-25,ARI incidence,2026-04-12,4,RO,quantile,0.01,501.0056040865955
2026-03-25,ARI incidence,2026-04-12,4,RO,quantile,0.025,532.6325730407619
2026-03-25,ARI incidence,2026-04-12,4,RO,quantile,0.05,561.4258532787213
2026-03-25,ARI incidence,2026-04-12,4,RO,quantile,0.1,596.5597195225345
2026-03-25,ARI incidence,2026-04-12,4,RO,quantile,0.15,621.4982599467452
2026-03-25,ARI incidence,2026-04-12,4,RO,quantile,0.2,642.060065873904
2026-03-25,ARI incidence,2026-04-12,4,RO,quantile,0.25,660.2415731911533
2026-03-25,ARI incidence,2026-04-12,4,RO,quantile,0.3,677.007491487045
2026-03-25,ARI incidence,2026-04-12,4,RO,quantile,0.35,692.9234281379145
2026-03-25,ARI incidence,2026-04-12,4,RO,quantile,0.4,708.371939056905
2026-03-25,ARI incidence,2026-04-12,4,RO,quantile,0.45,723.6462904584339
2026-03-25,ARI incidence,2026-04-12,4,RO,quantile,0.5,738.9999999999998
2026-03-25,ARI incidence,2026-04-12,4,RO,quantile,0.55,754.6794714501044
2026-03-25,ARI incidence,2026-04-12,4,RO,quantile,0.6,770.9523343444137
2026-03-25,ARI incidence,2026-04-12,4,RO,quantile,0.65,788.1404753012677
2026-03-25,ARI incidence,2026-04-12,4,RO,quantile,0.7,806.6690647697952
2026-03-25,ARI incidence,2026-04-12,4,RO,quantile,0.75,827.1533059640983
2026-03-25,ARI incidence,2026-04-12,4,RO,quantile,0.8,850.576182863324
2026-03-25,ARI incidence,2026-04-12,4,RO,quantile,0.85,878.7168608433362
2026-03-25,ARI incidence,2026-04-12,4,RO,quantile,0.9,915.4506784955172
2026-03-25,ARI incidence,2026-04-12,4,RO,quantile,0.95,972.739315103959
2026-03-25,ARI incidence,2026-04-12,4,RO,quantile,0.975,1025.3240744970462
2026-03-25,ARI incidence,2026-04-12,4,RO,quantile,0.99,1090.0496831680275
2026-03-25,ARI incidence,2026-04-12,4,SI,quantile,0.01,390.7458750894469
2026-03-25,ARI incidence,2026-04-12,4,SI,quantile,0.025,476.4756885405936
2026-03-25,ARI incidence,2026-04-12,4,SI,quantile,0.05,561.6837198485898
2026-03-25,ARI incidence,2026-04-12,4,SI,quantile,0.1,674.6113781420319
2026-03-25,ARI incidence,2026-04-12,4,SI,quantile,0.15,760.5578769504131
2026-03-25,ARI incidence,2026-04-12,4,SI,quantile,0.2,834.9293791120677
2026-03-25,ARI incidence,2026-04-12,4,SI,quantile,0.25,903.2697838402212
2026-03-25,ARI incidence,2026-04-12,4,SI,quantile,0.3,968.3882226307661
2026-03-25,ARI incidence,2026-04-12,4,SI,quantile,0.35,1032.0317769621631
2026-03-25,ARI incidence,2026-04-12,4,SI,quantile,0.4,1095.4753154675875
2026-03-25,ARI incidence,2026-04-12,4,SI,quantile,0.45,1159.7902333268942
2026-03-25,ARI incidence,2026-04-12,4,SI,quantile,0.5,1225.999999999999
2026-03-25,ARI incidence,2026-04-12,4,SI,quantile,0.55,1295.1994624083068
2026-03-25,ARI incidence,2026-04-12,4,SI,quantile,0.6,1368.6791691422388
2026-03-25,ARI incidence,2026-04-12,4,SI,quantile,0.65,1448.0930601649802
2026-03-25,ARI incidence,2026-04-12,4,SI,quantile,0.7,1535.7293218223124
2026-03-25,ARI incidence,2026-04-12,4,SI,quantile,0.75,1635.0101051100683
2026-03-25,ARI incidence,2026-04-12,4,SI,quantile,0.8,1751.5376909699094
2026-03-25,ARI incidence,2026-04-12,4,SI,quantile,0.85,1895.6518489711898
2026-03-25,ARI incidence,2026-04-12,4,SI,quantile,0.9,2090.2940168306504
2026-03-25,ARI incidence,2026-04-12,4,SI,quantile,0.95,2407.8782271662044
2026-03-25,ARI incidence,2026-04-12,4,SI,quantile,0.975,2713.5711785840836
2026-03-25,ARI incidence,2026-04-12,4,SI,quantile,0.99,3107.2327434269387
