origin_date,target,target_end_date,horizon,location,output_type,output_type_id,value
2026-03-18,ILI incidence,2026-03-15,1,AT,quantile,0.01,1511.8666622403339
2026-03-18,ILI incidence,2026-03-22,2,AT,quantile,0.01,1247.2119957592847
2026-03-18,ILI incidence,2026-03-29,3,AT,quantile,0.01,990.0360875413845
2026-03-18,ILI incidence,2026-04-05,4,AT,quantile,0.01,773.4320674975019
2026-03-18,ILI incidence,2026-03-15,1,AT,quantile,0.025,1554.7046830439042
2026-03-18,ILI incidence,2026-03-22,2,AT,quantile,0.025,1272.976737828979
2026-03-18,ILI incidence,2026-03-29,3,AT,quantile,0.025,1016.6934949303837
2026-03-18,ILI incidence,2026-04-05,4,AT,quantile,0.025,799.1533656210072
2026-03-18,ILI incidence,2026-03-15,1,AT,quantile,0.05,1594.500791099141
2026-03-18,ILI incidence,2026-03-22,2,AT,quantile,0.05,1314.2715283666787
2026-03-18,ILI incidence,2026-03-29,3,AT,quantile,0.05,1052.6862142574125
2026-03-18,ILI incidence,2026-04-05,4,AT,quantile,0.05,826.4394332100208
2026-03-18,ILI incidence,2026-03-15,1,AT,quantile,0.1,1678.8366210590289
2026-03-18,ILI incidence,2026-03-22,2,AT,quantile,0.1,1384.620811372329
2026-03-18,ILI incidence,2026-03-29,3,AT,quantile,0.1,1120.357133075373
2026-03-18,ILI incidence,2026-04-05,4,AT,quantile,0.1,884.1947566920247
2026-03-18,ILI incidence,2026-03-15,1,AT,quantile,0.15,1761.9943621065156
2026-03-18,ILI incidence,2026-03-22,2,AT,quantile,0.15,1478.5125532751103
2026-03-18,ILI incidence,2026-03-29,3,AT,quantile,0.15,1223.7796619744888
2026-03-18,ILI incidence,2026-04-05,4,AT,quantile,0.15,985.6819270633421
2026-03-18,ILI incidence,2026-03-15,1,AT,quantile,0.2,1808.6030033195811
2026-03-18,ILI incidence,2026-03-22,2,AT,quantile,0.2,1545.965361226914
2026-03-18,ILI incidence,2026-03-29,3,AT,quantile,0.2,1292.3479959718254
2026-03-18,ILI incidence,2026-04-05,4,AT,quantile,0.2,1054.4552333356155
2026-03-18,ILI incidence,2026-03-15,1,AT,quantile,0.25,1854.2909324288698
2026-03-18,ILI incidence,2026-03-22,2,AT,quantile,0.25,1595.1340767409608
2026-03-18,ILI incidence,2026-03-29,3,AT,quantile,0.25,1337.3215660545866
2026-03-18,ILI incidence,2026-04-05,4,AT,quantile,0.25,1099.8941711527837
2026-03-18,ILI incidence,2026-03-15,1,AT,quantile,0.3,1908.8085222286693
2026-03-18,ILI incidence,2026-03-22,2,AT,quantile,0.3,1637.418259082166
2026-03-18,ILI incidence,2026-03-29,3,AT,quantile,0.3,1375.6560317611477
2026-03-18,ILI incidence,2026-04-05,4,AT,quantile,0.3,1139.5930808610938
2026-03-18,ILI incidence,2026-03-15,1,AT,quantile,0.35,1953.1389942616972
2026-03-18,ILI incidence,2026-03-22,2,AT,quantile,0.35,1684.1680992327344
2026-03-18,ILI incidence,2026-03-29,3,AT,quantile,0.35,1422.4934505014105
2026-03-18,ILI incidence,2026-04-05,4,AT,quantile,0.35,1177.587847941984
2026-03-18,ILI incidence,2026-03-15,1,AT,quantile,0.4,1994.0285607687847
2026-03-18,ILI incidence,2026-03-22,2,AT,quantile,0.4,1727.410697412894
2026-03-18,ILI incidence,2026-03-29,3,AT,quantile,0.4,1459.4473249184348
2026-03-18,ILI incidence,2026-04-05,4,AT,quantile,0.4,1211.5861122325296
2026-03-18,ILI incidence,2026-03-15,1,AT,quantile,0.45,2040.783186619888
2026-03-18,ILI incidence,2026-03-22,2,AT,quantile,0.45,1764.8884225972197
2026-03-18,ILI incidence,2026-03-29,3,AT,quantile,0.45,1498.6003466227357
2026-03-18,ILI incidence,2026-04-05,4,AT,quantile,0.45,1240.2700674218875
2026-03-18,ILI incidence,2026-03-15,1,AT,quantile,0.5,2078.356115419779
2026-03-18,ILI incidence,2026-03-22,2,AT,quantile,0.5,1812.9275534504818
2026-03-18,ILI incidence,2026-03-29,3,AT,quantile,0.5,1539.796659552766
2026-03-18,ILI incidence,2026-04-05,4,AT,quantile,0.5,1281.1244514771959
2026-03-18,ILI incidence,2026-03-15,1,AT,quantile,0.55,2127.2375384410857
2026-03-18,ILI incidence,2026-03-22,2,AT,quantile,0.55,1856.281256824277
2026-03-18,ILI incidence,2026-03-29,3,AT,quantile,0.55,1586.4712236856874
2026-03-18,ILI incidence,2026-04-05,4,AT,quantile,0.55,1324.3942288987748
2026-03-18,ILI incidence,2026-03-15,1,AT,quantile,0.6,2168.0574279140305
2026-03-18,ILI incidence,2026-03-22,2,AT,quantile,0.6,1913.2694212789402
2026-03-18,ILI incidence,2026-03-29,3,AT,quantile,0.6,1628.8774658057644
2026-03-18,ILI incidence,2026-04-05,4,AT,quantile,0.6,1362.8698687338756
2026-03-18,ILI incidence,2026-03-15,1,AT,quantile,0.65,2227.54292581732
2026-03-18,ILI incidence,2026-03-22,2,AT,quantile,0.65,1963.1841936721025
2026-03-18,ILI incidence,2026-03-29,3,AT,quantile,0.65,1676.4197731486663
2026-03-18,ILI incidence,2026-04-05,4,AT,quantile,0.65,1409.5489166258317
2026-03-18,ILI incidence,2026-03-15,1,AT,quantile,0.7,2287.21508115681
2026-03-18,ILI incidence,2026-03-22,2,AT,quantile,0.7,2012.205696231022
2026-03-18,ILI incidence,2026-03-29,3,AT,quantile,0.7,1731.043400440377
2026-03-18,ILI incidence,2026-04-05,4,AT,quantile,0.7,1461.298113777861
2026-03-18,ILI incidence,2026-03-15,1,AT,quantile,0.75,2357.8927957178093
2026-03-18,ILI incidence,2026-03-22,2,AT,quantile,0.75,2075.479176727735
2026-03-18,ILI incidence,2026-03-29,3,AT,quantile,0.75,1800.588494257256
2026-03-18,ILI incidence,2026-04-05,4,AT,quantile,0.75,1531.1385417493598
2026-03-18,ILI incidence,2026-03-15,1,AT,quantile,0.8,2416.080643757885
2026-03-18,ILI incidence,2026-03-22,2,AT,quantile,0.8,2145.4817803156275
2026-03-18,ILI incidence,2026-03-29,3,AT,quantile,0.8,1889.4580964969532
2026-03-18,ILI incidence,2026-04-05,4,AT,quantile,0.8,1632.410020198968
2026-03-18,ILI incidence,2026-03-15,1,AT,quantile,0.85,2486.016921960161
2026-03-18,ILI incidence,2026-03-22,2,AT,quantile,0.85,2237.073460770144
2026-03-18,ILI incidence,2026-03-29,3,AT,quantile,0.85,1982.6783194980885
2026-03-18,ILI incidence,2026-04-05,4,AT,quantile,0.85,1732.337484652845
2026-03-18,ILI incidence,2026-03-15,1,AT,quantile,0.9,2577.3938149075434
2026-03-18,ILI incidence,2026-03-22,2,AT,quantile,0.9,2345.194268686819
2026-03-18,ILI incidence,2026-03-29,3,AT,quantile,0.9,2099.1744989812228
2026-03-18,ILI incidence,2026-04-05,4,AT,quantile,0.9,1846.8400077120994
2026-03-18,ILI incidence,2026-03-15,1,AT,quantile,0.95,2671.971631246531
2026-03-18,ILI incidence,2026-03-22,2,AT,quantile,0.95,2441.8884896573295
2026-03-18,ILI incidence,2026-03-29,3,AT,quantile,0.95,2200.445349065156
2026-03-18,ILI incidence,2026-04-05,4,AT,quantile,0.95,1949.931437953592
2026-03-18,ILI incidence,2026-03-15,1,AT,quantile,0.975,2698.295265031148
2026-03-18,ILI incidence,2026-03-22,2,AT,quantile,0.975,2497.1044959352403
2026-03-18,ILI incidence,2026-03-29,3,AT,quantile,0.975,2261.4275962236466
2026-03-18,ILI incidence,2026-04-05,4,AT,quantile,0.975,2031.8377417103227
2026-03-18,ILI incidence,2026-03-15,1,AT,quantile,0.99,2722.400513927173
2026-03-18,ILI incidence,2026-03-22,2,AT,quantile,0.99,2539.562986706999
2026-03-18,ILI incidence,2026-03-29,3,AT,quantile,0.99,2318.4651724657615
2026-03-18,ILI incidence,2026-04-05,4,AT,quantile,0.99,2076.061363829688
2026-03-18,ILI incidence,2026-03-15,1,AT,median,,2078.356115419779
2026-03-18,ILI incidence,2026-03-22,2,AT,median,,1812.9275534504818
2026-03-18,ILI incidence,2026-03-29,3,AT,median,,1539.796659552766
2026-03-18,ILI incidence,2026-04-05,4,AT,median,,1281.1244514771959
2026-03-18,ILI incidence,2026-03-15,1,BE,quantile,0.01,35.53829205502196
2026-03-18,ILI incidence,2026-03-22,2,BE,quantile,0.01,17.191291740306408
2026-03-18,ILI incidence,2026-03-29,3,BE,quantile,0.01,7.992906885552268
2026-03-18,ILI incidence,2026-04-05,4,BE,quantile,0.01,3.7179757001493967
2026-03-18,ILI incidence,2026-03-15,1,BE,quantile,0.025,44.25593343739463
2026-03-18,ILI incidence,2026-03-22,2,BE,quantile,0.025,22.82615590664576
2026-03-18,ILI incidence,2026-03-29,3,BE,quantile,0.025,11.226384111785235
2026-03-18,ILI incidence,2026-04-05,4,BE,quantile,0.025,5.263085417585376
2026-03-18,ILI incidence,2026-03-15,1,BE,quantile,0.05,57.82849346338695
2026-03-18,ILI incidence,2026-03-22,2,BE,quantile,0.05,30.96443657351418
2026-03-18,ILI incidence,2026-03-29,3,BE,quantile,0.05,16.231110512248087
2026-03-18,ILI incidence,2026-04-05,4,BE,quantile,0.05,8.028701841754918
2026-03-18,ILI incidence,2026-03-15,1,BE,quantile,0.1,63.42213616999437
2026-03-18,ILI incidence,2026-03-22,2,BE,quantile,0.1,34.86922722216836
2026-03-18,ILI incidence,2026-03-29,3,BE,quantile,0.1,18.5248492367133
2026-03-18,ILI incidence,2026-04-05,4,BE,quantile,0.1,9.455404520161823
2026-03-18,ILI incidence,2026-03-15,1,BE,quantile,0.15,66.82676776068699
2026-03-18,ILI incidence,2026-03-22,2,BE,quantile,0.15,36.93427889963622
2026-03-18,ILI incidence,2026-03-29,3,BE,quantile,0.15,19.81339511736308
2026-03-18,ILI incidence,2026-04-05,4,BE,quantile,0.15,10.265795594929628
2026-03-18,ILI incidence,2026-03-15,1,BE,quantile,0.2,69.51693025803189
2026-03-18,ILI incidence,2026-03-22,2,BE,quantile,0.2,38.85443261689199
2026-03-18,ILI incidence,2026-03-29,3,BE,quantile,0.2,20.993996089282124
2026-03-18,ILI incidence,2026-04-05,4,BE,quantile,0.2,10.865048619752775
2026-03-18,ILI incidence,2026-03-15,1,BE,quantile,0.25,72.15910476777975
2026-03-18,ILI incidence,2026-03-22,2,BE,quantile,0.25,40.983750021021024
2026-03-18,ILI incidence,2026-03-29,3,BE,quantile,0.25,22.315059953493574
2026-03-18,ILI incidence,2026-04-05,4,BE,quantile,0.25,11.84743892135598
2026-03-18,ILI incidence,2026-03-15,1,BE,quantile,0.3,74.23365187678365
2026-03-18,ILI incidence,2026-03-22,2,BE,quantile,0.3,42.245092135525965
2026-03-18,ILI incidence,2026-03-29,3,BE,quantile,0.3,23.284954971182895
2026-03-18,ILI incidence,2026-04-05,4,BE,quantile,0.3,12.416827832510405
2026-03-18,ILI incidence,2026-03-15,1,BE,quantile,0.35,75.71392508521004
2026-03-18,ILI incidence,2026-03-22,2,BE,quantile,0.35,43.63751619743368
2026-03-18,ILI incidence,2026-03-29,3,BE,quantile,0.35,24.341207610905833
2026-03-18,ILI incidence,2026-04-05,4,BE,quantile,0.35,13.051219974944516
2026-03-18,ILI incidence,2026-03-15,1,BE,quantile,0.4,77.39146459511986
2026-03-18,ILI incidence,2026-03-22,2,BE,quantile,0.4,45.07543266570629
2026-03-18,ILI incidence,2026-03-29,3,BE,quantile,0.4,25.351586799362003
2026-03-18,ILI incidence,2026-04-05,4,BE,quantile,0.4,13.818206179985086
2026-03-18,ILI incidence,2026-03-15,1,BE,quantile,0.45,78.8952833238066
2026-03-18,ILI incidence,2026-03-22,2,BE,quantile,0.45,46.28153995616705
2026-03-18,ILI incidence,2026-03-29,3,BE,quantile,0.45,26.254028871776622
2026-03-18,ILI incidence,2026-04-05,4,BE,quantile,0.45,14.579283005641008
2026-03-18,ILI incidence,2026-03-15,1,BE,quantile,0.5,80.59238284978329
2026-03-18,ILI incidence,2026-03-22,2,BE,quantile,0.5,47.59197261033235
2026-03-18,ILI incidence,2026-03-29,3,BE,quantile,0.5,27.204803302353355
2026-03-18,ILI incidence,2026-04-05,4,BE,quantile,0.5,15.074901646559471
2026-03-18,ILI incidence,2026-03-15,1,BE,quantile,0.55,82.21026130088497
2026-03-18,ILI incidence,2026-03-22,2,BE,quantile,0.55,48.666656427439484
2026-03-18,ILI incidence,2026-03-29,3,BE,quantile,0.55,28.14680198172383
2026-03-18,ILI incidence,2026-04-05,4,BE,quantile,0.55,15.648714926623471
2026-03-18,ILI incidence,2026-03-15,1,BE,quantile,0.6,83.56928645956523
2026-03-18,ILI incidence,2026-03-22,2,BE,quantile,0.6,49.96906159335151
2026-03-18,ILI incidence,2026-03-29,3,BE,quantile,0.6,28.842913358723713
2026-03-18,ILI incidence,2026-04-05,4,BE,quantile,0.6,16.180067502281513
2026-03-18,ILI incidence,2026-03-15,1,BE,quantile,0.65,85.25006771394173
2026-03-18,ILI incidence,2026-03-22,2,BE,quantile,0.65,51.086043125647166
2026-03-18,ILI incidence,2026-03-29,3,BE,quantile,0.65,29.68774107412681
2026-03-18,ILI incidence,2026-04-05,4,BE,quantile,0.65,16.75801797460956
2026-03-18,ILI incidence,2026-03-15,1,BE,quantile,0.7,86.80013004761912
2026-03-18,ILI incidence,2026-03-22,2,BE,quantile,0.7,52.16981283954236
2026-03-18,ILI incidence,2026-03-29,3,BE,quantile,0.7,30.600180734963843
2026-03-18,ILI incidence,2026-04-05,4,BE,quantile,0.7,17.33562430287618
2026-03-18,ILI incidence,2026-03-15,1,BE,quantile,0.75,88.2677633122353
2026-03-18,ILI incidence,2026-03-22,2,BE,quantile,0.75,53.341806635391386
2026-03-18,ILI incidence,2026-03-29,3,BE,quantile,0.75,31.431254114507578
2026-03-18,ILI incidence,2026-04-05,4,BE,quantile,0.75,17.931510024307983
2026-03-18,ILI incidence,2026-03-15,1,BE,quantile,0.8,89.95402324208706
2026-03-18,ILI incidence,2026-03-22,2,BE,quantile,0.8,54.65131001882785
2026-03-18,ILI incidence,2026-03-29,3,BE,quantile,0.8,32.08237677575191
2026-03-18,ILI incidence,2026-04-05,4,BE,quantile,0.8,18.422752501692308
2026-03-18,ILI incidence,2026-03-15,1,BE,quantile,0.85,91.6161086962489
2026-03-18,ILI incidence,2026-03-22,2,BE,quantile,0.85,55.9228469980898
2026-03-18,ILI incidence,2026-03-29,3,BE,quantile,0.85,33.06223620682373
2026-03-18,ILI incidence,2026-04-05,4,BE,quantile,0.85,19.119963801805753
2026-03-18,ILI incidence,2026-03-15,1,BE,quantile,0.9,93.71247856819522
2026-03-18,ILI incidence,2026-03-22,2,BE,quantile,0.9,56.96774612915286
2026-03-18,ILI incidence,2026-03-29,3,BE,quantile,0.9,34.074910226244285
2026-03-18,ILI incidence,2026-04-05,4,BE,quantile,0.9,19.879474776262267
2026-03-18,ILI incidence,2026-03-15,1,BE,quantile,0.95,95.77810279002065
2026-03-18,ILI incidence,2026-03-22,2,BE,quantile,0.95,58.93201939160521
2026-03-18,ILI incidence,2026-03-29,3,BE,quantile,0.95,35.77397421267536
2026-03-18,ILI incidence,2026-04-05,4,BE,quantile,0.95,21.329039923213074
2026-03-18,ILI incidence,2026-03-15,1,BE,quantile,0.975,99.4748299913321
2026-03-18,ILI incidence,2026-03-22,2,BE,quantile,0.975,62.078365804166594
2026-03-18,ILI incidence,2026-03-29,3,BE,quantile,0.975,37.78744130444862
2026-03-18,ILI incidence,2026-04-05,4,BE,quantile,0.975,22.482912209991856
2026-03-18,ILI incidence,2026-03-15,1,BE,quantile,0.99,101.21754465210508
2026-03-18,ILI incidence,2026-03-22,2,BE,quantile,0.99,63.6488756996791
2026-03-18,ILI incidence,2026-03-29,3,BE,quantile,0.99,39.16625137280093
2026-03-18,ILI incidence,2026-04-05,4,BE,quantile,0.99,23.584002400370274
2026-03-18,ILI incidence,2026-03-15,1,BE,median,,80.59238284978329
2026-03-18,ILI incidence,2026-03-22,2,BE,median,,47.59197261033235
2026-03-18,ILI incidence,2026-03-29,3,BE,median,,27.204803302353355
2026-03-18,ILI incidence,2026-04-05,4,BE,median,,15.074901646559471
2026-03-18,ILI incidence,2026-03-15,1,CZ,quantile,0.01,5.806587818081468
2026-03-18,ILI incidence,2026-03-22,2,CZ,quantile,0.01,3.7601812866318713
2026-03-18,ILI incidence,2026-03-29,3,CZ,quantile,0.01,2.3671722305147087
2026-03-18,ILI incidence,2026-04-05,4,CZ,quantile,0.01,1.4376233826485858
2026-03-18,ILI incidence,2026-03-15,1,CZ,quantile,0.025,5.935303673516564
2026-03-18,ILI incidence,2026-03-22,2,CZ,quantile,0.025,3.8426496366285807
2026-03-18,ILI incidence,2026-03-29,3,CZ,quantile,0.025,2.421606648689584
2026-03-18,ILI incidence,2026-04-05,4,CZ,quantile,0.025,1.5013238953153398
2026-03-18,ILI incidence,2026-03-15,1,CZ,quantile,0.05,6.091141202596689
2026-03-18,ILI incidence,2026-03-22,2,CZ,quantile,0.05,3.981154855491994
2026-03-18,ILI incidence,2026-03-29,3,CZ,quantile,0.05,2.531367408512873
2026-03-18,ILI incidence,2026-04-05,4,CZ,quantile,0.05,1.5663061203103101
2026-03-18,ILI incidence,2026-03-15,1,CZ,quantile,0.1,6.357789190251381
2026-03-18,ILI incidence,2026-03-22,2,CZ,quantile,0.1,4.186995730747165
2026-03-18,ILI incidence,2026-03-29,3,CZ,quantile,0.1,2.68611723963423
2026-03-18,ILI incidence,2026-04-05,4,CZ,quantile,0.1,1.689476159242793
2026-03-18,ILI incidence,2026-03-15,1,CZ,quantile,0.15,6.604232203852448
2026-03-18,ILI incidence,2026-03-22,2,CZ,quantile,0.15,4.3470472633083945
2026-03-18,ILI incidence,2026-03-29,3,CZ,quantile,0.15,2.810781842289666
2026-03-18,ILI incidence,2026-04-05,4,CZ,quantile,0.15,1.769616740650548
2026-03-18,ILI incidence,2026-03-15,1,CZ,quantile,0.2,6.8112166499456706
2026-03-18,ILI incidence,2026-03-22,2,CZ,quantile,0.2,4.503551795378967
2026-03-18,ILI incidence,2026-03-29,3,CZ,quantile,0.2,2.916700803445793
2026-03-18,ILI incidence,2026-04-05,4,CZ,quantile,0.2,1.8466703391692354
2026-03-18,ILI incidence,2026-03-15,1,CZ,quantile,0.25,7.080160600698486
2026-03-18,ILI incidence,2026-03-22,2,CZ,quantile,0.25,4.662569639663785
2026-03-18,ILI incidence,2026-03-29,3,CZ,quantile,0.25,3.0150336128264836
2026-03-18,ILI incidence,2026-04-05,4,CZ,quantile,0.25,1.9189104474057084
2026-03-18,ILI incidence,2026-03-15,1,CZ,quantile,0.3,7.289876107004694
2026-03-18,ILI incidence,2026-03-22,2,CZ,quantile,0.3,4.807238899518805
2026-03-18,ILI incidence,2026-03-29,3,CZ,quantile,0.3,3.1258963390723022
2026-03-18,ILI incidence,2026-04-05,4,CZ,quantile,0.3,1.9878080097260342
2026-03-18,ILI incidence,2026-03-15,1,CZ,quantile,0.35,7.513919874958196
2026-03-18,ILI incidence,2026-03-22,2,CZ,quantile,0.35,4.9878434428940865
2026-03-18,ILI incidence,2026-03-29,3,CZ,quantile,0.35,3.239936901322992
2026-03-18,ILI incidence,2026-04-05,4,CZ,quantile,0.35,2.059654004400683
2026-03-18,ILI incidence,2026-03-15,1,CZ,quantile,0.4,7.746371244322303
2026-03-18,ILI incidence,2026-03-22,2,CZ,quantile,0.4,5.1433061921633305
2026-03-18,ILI incidence,2026-03-29,3,CZ,quantile,0.4,3.3542120099362407
2026-03-18,ILI incidence,2026-04-05,4,CZ,quantile,0.4,2.144047502131263
2026-03-18,ILI incidence,2026-03-15,1,CZ,quantile,0.45,7.95033584557291
2026-03-18,ILI incidence,2026-03-22,2,CZ,quantile,0.45,5.306176801513212
2026-03-18,ILI incidence,2026-03-29,3,CZ,quantile,0.45,3.4593414178998465
2026-03-18,ILI incidence,2026-04-05,4,CZ,quantile,0.45,2.2218367221699036
2026-03-18,ILI incidence,2026-03-15,1,CZ,quantile,0.5,8.155482752916116
2026-03-18,ILI incidence,2026-03-22,2,CZ,quantile,0.5,5.455449259431051
2026-03-18,ILI incidence,2026-03-29,3,CZ,quantile,0.5,3.559956092244791
2026-03-18,ILI incidence,2026-04-05,4,CZ,quantile,0.5,2.300101460471531
2026-03-18,ILI incidence,2026-03-15,1,CZ,quantile,0.55,8.39498684821634
2026-03-18,ILI incidence,2026-03-22,2,CZ,quantile,0.55,5.6122744501762325
2026-03-18,ILI incidence,2026-03-29,3,CZ,quantile,0.55,3.6998112082221346
2026-03-18,ILI incidence,2026-04-05,4,CZ,quantile,0.55,2.381110400971536
2026-03-18,ILI incidence,2026-03-15,1,CZ,quantile,0.6,8.648927693109954
2026-03-18,ILI incidence,2026-03-22,2,CZ,quantile,0.6,5.778166209465231
2026-03-18,ILI incidence,2026-03-29,3,CZ,quantile,0.6,3.813188316024656
2026-03-18,ILI incidence,2026-04-05,4,CZ,quantile,0.6,2.488792382258385
2026-03-18,ILI incidence,2026-03-15,1,CZ,quantile,0.65,8.896029731127191
2026-03-18,ILI incidence,2026-03-22,2,CZ,quantile,0.65,5.967441539517659
2026-03-18,ILI incidence,2026-03-29,3,CZ,quantile,0.65,3.9525654590580874
2026-03-18,ILI incidence,2026-04-05,4,CZ,quantile,0.65,2.564385156479512
2026-03-18,ILI incidence,2026-03-15,1,CZ,quantile,0.7,9.220680893652574
2026-03-18,ILI incidence,2026-03-22,2,CZ,quantile,0.7,6.227410659670589
2026-03-18,ILI incidence,2026-03-29,3,CZ,quantile,0.7,4.086592416601102
2026-03-18,ILI incidence,2026-04-05,4,CZ,quantile,0.7,2.655813315369523
2026-03-18,ILI incidence,2026-03-15,1,CZ,quantile,0.75,9.51547121420688
2026-03-18,ILI incidence,2026-03-22,2,CZ,quantile,0.75,6.4246288319926705
2026-03-18,ILI incidence,2026-03-29,3,CZ,quantile,0.75,4.26575580040895
2026-03-18,ILI incidence,2026-04-05,4,CZ,quantile,0.75,2.773129192996325
2026-03-18,ILI incidence,2026-03-15,1,CZ,quantile,0.8,9.888161779813256
2026-03-18,ILI incidence,2026-03-22,2,CZ,quantile,0.8,6.693562778848231
2026-03-18,ILI incidence,2026-03-29,3,CZ,quantile,0.8,4.4668617343066375
2026-03-18,ILI incidence,2026-04-05,4,CZ,quantile,0.8,2.921542987494943
2026-03-18,ILI incidence,2026-03-15,1,CZ,quantile,0.85,10.343144394014972
2026-03-18,ILI incidence,2026-03-22,2,CZ,quantile,0.85,7.020759073365962
2026-03-18,ILI incidence,2026-03-29,3,CZ,quantile,0.85,4.679793701303486
2026-03-18,ILI incidence,2026-04-05,4,CZ,quantile,0.85,3.056467496519515
2026-03-18,ILI incidence,2026-03-15,1,CZ,quantile,0.9,10.93493658454568
2026-03-18,ILI incidence,2026-03-22,2,CZ,quantile,0.9,7.437776634417586
2026-03-18,ILI incidence,2026-03-29,3,CZ,quantile,0.9,4.97144591481722
2026-03-18,ILI incidence,2026-04-05,4,CZ,quantile,0.9,3.2675949132914526
2026-03-18,ILI incidence,2026-03-15,1,CZ,quantile,0.95,11.720604300083249
2026-03-18,ILI incidence,2026-03-22,2,CZ,quantile,0.95,8.065391408821478
2026-03-18,ILI incidence,2026-03-29,3,CZ,quantile,0.95,5.434292149739086
2026-03-18,ILI incidence,2026-04-05,4,CZ,quantile,0.95,3.6596668228307774
2026-03-18,ILI incidence,2026-03-15,1,CZ,quantile,0.975,12.845413475651233
2026-03-18,ILI incidence,2026-03-22,2,CZ,quantile,0.975,8.927678476402566
2026-03-18,ILI incidence,2026-03-29,3,CZ,quantile,0.975,6.141856557723882
2026-03-18,ILI incidence,2026-04-05,4,CZ,quantile,0.975,4.072275215451191
2026-03-18,ILI incidence,2026-03-15,1,CZ,quantile,0.99,14.08831374459399
2026-03-18,ILI incidence,2026-03-22,2,CZ,quantile,0.99,9.855316792243615
2026-03-18,ILI incidence,2026-03-29,3,CZ,quantile,0.99,6.811901502853814
2026-03-18,ILI incidence,2026-04-05,4,CZ,quantile,0.99,4.681876654532222
2026-03-18,ILI incidence,2026-03-15,1,CZ,median,,8.155482752916116
2026-03-18,ILI incidence,2026-03-22,2,CZ,median,,5.455449259431051
2026-03-18,ILI incidence,2026-03-29,3,CZ,median,,3.559956092244791
2026-03-18,ILI incidence,2026-04-05,4,CZ,median,,2.300101460471531
2026-03-18,ILI incidence,2026-03-15,1,EE,quantile,0.01,138.89626040444998
2026-03-18,ILI incidence,2026-03-22,2,EE,quantile,0.01,94.34122737973314
2026-03-18,ILI incidence,2026-03-29,3,EE,quantile,0.01,62.50592283740756
2026-03-18,ILI incidence,2026-04-05,4,EE,quantile,0.01,39.97374517411363
2026-03-18,ILI incidence,2026-03-15,1,EE,quantile,0.025,150.63443017364733
2026-03-18,ILI incidence,2026-03-22,2,EE,quantile,0.025,104.10913798479895
2026-03-18,ILI incidence,2026-03-29,3,EE,quantile,0.025,70.41716245716785
2026-03-18,ILI incidence,2026-04-05,4,EE,quantile,0.025,47.46891037621214
2026-03-18,ILI incidence,2026-03-15,1,EE,quantile,0.05,157.90045709498173
2026-03-18,ILI incidence,2026-03-22,2,EE,quantile,0.05,112.99174415867385
2026-03-18,ILI incidence,2026-03-29,3,EE,quantile,0.05,77.72475110197297
2026-03-18,ILI incidence,2026-04-05,4,EE,quantile,0.05,53.225197202131966
2026-03-18,ILI incidence,2026-03-15,1,EE,quantile,0.1,167.07370221445456
2026-03-18,ILI incidence,2026-03-22,2,EE,quantile,0.1,120.77281255317841
2026-03-18,ILI incidence,2026-03-29,3,EE,quantile,0.1,84.10754332775258
2026-03-18,ILI incidence,2026-04-05,4,EE,quantile,0.1,56.965204598179476
2026-03-18,ILI incidence,2026-03-15,1,EE,quantile,0.15,171.81101026887
2026-03-18,ILI incidence,2026-03-22,2,EE,quantile,0.15,125.41655611149577
2026-03-18,ILI incidence,2026-03-29,3,EE,quantile,0.15,88.05034478091642
2026-03-18,ILI incidence,2026-04-05,4,EE,quantile,0.15,60.49665827809013
2026-03-18,ILI incidence,2026-03-15,1,EE,quantile,0.2,176.38640106439914
2026-03-18,ILI incidence,2026-03-22,2,EE,quantile,0.2,128.7896636128573
2026-03-18,ILI incidence,2026-03-29,3,EE,quantile,0.2,91.42220798150788
2026-03-18,ILI incidence,2026-04-05,4,EE,quantile,0.2,63.01130482068207
2026-03-18,ILI incidence,2026-03-15,1,EE,quantile,0.25,180.1531809936793
2026-03-18,ILI incidence,2026-03-22,2,EE,quantile,0.25,132.28243809660552
2026-03-18,ILI incidence,2026-03-29,3,EE,quantile,0.25,93.83147413573536
2026-03-18,ILI incidence,2026-04-05,4,EE,quantile,0.25,64.72979473799285
2026-03-18,ILI incidence,2026-03-15,1,EE,quantile,0.3,183.92510579245047
2026-03-18,ILI incidence,2026-03-22,2,EE,quantile,0.3,134.8530316530109
2026-03-18,ILI incidence,2026-03-29,3,EE,quantile,0.3,95.36548532862268
2026-03-18,ILI incidence,2026-04-05,4,EE,quantile,0.3,66.45737057747678
2026-03-18,ILI incidence,2026-03-15,1,EE,quantile,0.35,185.9591431815182
2026-03-18,ILI incidence,2026-03-22,2,EE,quantile,0.35,136.9200961047614
2026-03-18,ILI incidence,2026-03-29,3,EE,quantile,0.35,97.7038578814617
2026-03-18,ILI incidence,2026-04-05,4,EE,quantile,0.35,68.12140795394353
2026-03-18,ILI incidence,2026-03-15,1,EE,quantile,0.4,187.94469173224033
2026-03-18,ILI incidence,2026-03-22,2,EE,quantile,0.4,138.80408423489973
2026-03-18,ILI incidence,2026-03-29,3,EE,quantile,0.4,99.56633875791842
2026-03-18,ILI incidence,2026-04-05,4,EE,quantile,0.4,69.57329003212847
2026-03-18,ILI incidence,2026-03-15,1,EE,quantile,0.45,189.87779544914648
2026-03-18,ILI incidence,2026-03-22,2,EE,quantile,0.45,140.18705783607507
2026-03-18,ILI incidence,2026-03-29,3,EE,quantile,0.45,101.01542763754428
2026-03-18,ILI incidence,2026-04-05,4,EE,quantile,0.45,70.8304064837195
2026-03-18,ILI incidence,2026-03-15,1,EE,quantile,0.5,192.35258414323948
2026-03-18,ILI incidence,2026-03-22,2,EE,quantile,0.5,142.29111052487804
2026-03-18,ILI incidence,2026-03-29,3,EE,quantile,0.5,102.2750953951292
2026-03-18,ILI incidence,2026-04-05,4,EE,quantile,0.5,72.58192570894374
2026-03-18,ILI incidence,2026-03-15,1,EE,quantile,0.55,194.57587053829437
2026-03-18,ILI incidence,2026-03-22,2,EE,quantile,0.55,144.12664400985136
2026-03-18,ILI incidence,2026-03-29,3,EE,quantile,0.55,104.25109028906546
2026-03-18,ILI incidence,2026-04-05,4,EE,quantile,0.55,74.07745193462384
2026-03-18,ILI incidence,2026-03-15,1,EE,quantile,0.6,196.482630411209
2026-03-18,ILI incidence,2026-03-22,2,EE,quantile,0.6,146.3355877320994
2026-03-18,ILI incidence,2026-03-29,3,EE,quantile,0.6,105.92231584824482
2026-03-18,ILI incidence,2026-04-05,4,EE,quantile,0.6,75.37092280085332
2026-03-18,ILI incidence,2026-03-15,1,EE,quantile,0.65,198.52918371022054
2026-03-18,ILI incidence,2026-03-22,2,EE,quantile,0.65,148.32489878480533
2026-03-18,ILI incidence,2026-03-29,3,EE,quantile,0.65,107.73488726163936
2026-03-18,ILI incidence,2026-04-05,4,EE,quantile,0.65,76.88409646591687
2026-03-18,ILI incidence,2026-03-15,1,EE,quantile,0.7,200.44054912393855
2026-03-18,ILI incidence,2026-03-22,2,EE,quantile,0.7,150.257468585999
2026-03-18,ILI incidence,2026-03-29,3,EE,quantile,0.7,109.49442431277613
2026-03-18,ILI incidence,2026-04-05,4,EE,quantile,0.7,78.92563177005971
2026-03-18,ILI incidence,2026-03-15,1,EE,quantile,0.75,203.4257994957453
2026-03-18,ILI incidence,2026-03-22,2,EE,quantile,0.75,152.6977141185245
2026-03-18,ILI incidence,2026-03-29,3,EE,quantile,0.75,111.93987766418141
2026-03-18,ILI incidence,2026-04-05,4,EE,quantile,0.75,80.940682940143
2026-03-18,ILI incidence,2026-03-15,1,EE,quantile,0.8,206.11328763021962
2026-03-18,ILI incidence,2026-03-22,2,EE,quantile,0.8,155.50935407205193
2026-03-18,ILI incidence,2026-03-29,3,EE,quantile,0.8,114.24779278469089
2026-03-18,ILI incidence,2026-04-05,4,EE,quantile,0.8,83.30202916035852
2026-03-18,ILI incidence,2026-03-15,1,EE,quantile,0.85,208.74572727354317
2026-03-18,ILI incidence,2026-03-22,2,EE,quantile,0.85,159.16500448496663
2026-03-18,ILI incidence,2026-03-29,3,EE,quantile,0.85,117.75108519394087
2026-03-18,ILI incidence,2026-04-05,4,EE,quantile,0.85,86.08443358739302
2026-03-18,ILI incidence,2026-03-15,1,EE,quantile,0.9,213.34342379598564
2026-03-18,ILI incidence,2026-03-22,2,EE,quantile,0.9,163.30422624549698
2026-03-18,ILI incidence,2026-03-29,3,EE,quantile,0.9,121.82547182639836
2026-03-18,ILI incidence,2026-04-05,4,EE,quantile,0.9,90.01903940668944
2026-03-18,ILI incidence,2026-03-15,1,EE,quantile,0.95,219.47309344563598
2026-03-18,ILI incidence,2026-03-22,2,EE,quantile,0.95,169.18301539795237
2026-03-18,ILI incidence,2026-03-29,3,EE,quantile,0.95,128.63728875743362
2026-03-18,ILI incidence,2026-04-05,4,EE,quantile,0.95,95.73946865929197
2026-03-18,ILI incidence,2026-03-15,1,EE,quantile,0.975,224.0649281164829
2026-03-18,ILI incidence,2026-03-22,2,EE,quantile,0.975,175.52013811797175
2026-03-18,ILI incidence,2026-03-29,3,EE,quantile,0.975,133.06534874079895
2026-03-18,ILI incidence,2026-04-05,4,EE,quantile,0.975,99.8624707151602
2026-03-18,ILI incidence,2026-03-15,1,EE,quantile,0.99,228.20471742510182
2026-03-18,ILI incidence,2026-03-22,2,EE,quantile,0.99,180.4878946750935
2026-03-18,ILI incidence,2026-03-29,3,EE,quantile,0.99,138.53944564178036
2026-03-18,ILI incidence,2026-04-05,4,EE,quantile,0.99,105.2212111904726
2026-03-18,ILI incidence,2026-03-15,1,EE,median,,192.35258414323948
2026-03-18,ILI incidence,2026-03-22,2,EE,median,,142.29111052487804
2026-03-18,ILI incidence,2026-03-29,3,EE,median,,102.2750953951292
2026-03-18,ILI incidence,2026-04-05,4,EE,median,,72.58192570894374
2026-03-18,ILI incidence,2026-03-15,1,ES,quantile,0.01,4.435439233818568
2026-03-18,ILI incidence,2026-03-22,2,ES,quantile,0.01,3.0514781000524116
2026-03-18,ILI incidence,2026-03-29,3,ES,quantile,0.01,2.0719459010252836
2026-03-18,ILI incidence,2026-04-05,4,ES,quantile,0.01,1.3999977999094804
2026-03-18,ILI incidence,2026-03-15,1,ES,quantile,0.025,4.535659574255918
2026-03-18,ILI incidence,2026-03-22,2,ES,quantile,0.025,3.1393895363185793
2026-03-18,ILI incidence,2026-03-29,3,ES,quantile,0.025,2.1330457526342754
2026-03-18,ILI incidence,2026-04-05,4,ES,quantile,0.025,1.439702196642411
2026-03-18,ILI incidence,2026-03-15,1,ES,quantile,0.05,4.624190200132368
2026-03-18,ILI incidence,2026-03-22,2,ES,quantile,0.05,3.2192166832647096
2026-03-18,ILI incidence,2026-03-29,3,ES,quantile,0.05,2.2026067070822632
2026-03-18,ILI incidence,2026-04-05,4,ES,quantile,0.05,1.4748200115115493
2026-03-18,ILI incidence,2026-03-15,1,ES,quantile,0.1,4.753447155633845
2026-03-18,ILI incidence,2026-03-22,2,ES,quantile,0.1,3.3031099715451058
2026-03-18,ILI incidence,2026-03-29,3,ES,quantile,0.1,2.269895416832862
2026-03-18,ILI incidence,2026-04-05,4,ES,quantile,0.1,1.5327602872304447
2026-03-18,ILI incidence,2026-03-15,1,ES,quantile,0.15,4.843195656820773
2026-03-18,ILI incidence,2026-03-22,2,ES,quantile,0.15,3.37342025711951
2026-03-18,ILI incidence,2026-03-29,3,ES,quantile,0.15,2.3231828315107856
2026-03-18,ILI incidence,2026-04-05,4,ES,quantile,0.15,1.5683576454967307
2026-03-18,ILI incidence,2026-03-15,1,ES,quantile,0.2,4.923812351152348
2026-03-18,ILI incidence,2026-03-22,2,ES,quantile,0.2,3.4362844933055436
2026-03-18,ILI incidence,2026-03-29,3,ES,quantile,0.2,2.3694876137677228
2026-03-18,ILI incidence,2026-04-05,4,ES,quantile,0.2,1.6028530045786966
2026-03-18,ILI incidence,2026-03-15,1,ES,quantile,0.25,4.9965494234639305
2026-03-18,ILI incidence,2026-03-22,2,ES,quantile,0.25,3.4904859121373004
2026-03-18,ILI incidence,2026-03-29,3,ES,quantile,0.25,2.4099145521673773
2026-03-18,ILI incidence,2026-04-05,4,ES,quantile,0.25,1.6400648813380658
2026-03-18,ILI incidence,2026-03-15,1,ES,quantile,0.3,5.073787867517974
2026-03-18,ILI incidence,2026-03-22,2,ES,quantile,0.3,3.5432687542318804
2026-03-18,ILI incidence,2026-03-29,3,ES,quantile,0.3,2.4512561562527195
2026-03-18,ILI incidence,2026-04-05,4,ES,quantile,0.3,1.6724277189967103
2026-03-18,ILI incidence,2026-03-15,1,ES,quantile,0.35,5.145658755376142
2026-03-18,ILI incidence,2026-03-22,2,ES,quantile,0.35,3.603148657683688
2026-03-18,ILI incidence,2026-03-29,3,ES,quantile,0.35,2.4917946993941564
2026-03-18,ILI incidence,2026-04-05,4,ES,quantile,0.35,1.70537249195909
2026-03-18,ILI incidence,2026-03-15,1,ES,quantile,0.4,5.212939414449361
2026-03-18,ILI incidence,2026-03-22,2,ES,quantile,0.4,3.6605064971563235
2026-03-18,ILI incidence,2026-03-29,3,ES,quantile,0.4,2.540883209455574
2026-03-18,ILI incidence,2026-04-05,4,ES,quantile,0.4,1.743737512075639
2026-03-18,ILI incidence,2026-03-15,1,ES,quantile,0.45,5.295651420891205
2026-03-18,ILI incidence,2026-03-22,2,ES,quantile,0.45,3.730166901756332
2026-03-18,ILI incidence,2026-03-29,3,ES,quantile,0.45,2.592468014619047
2026-03-18,ILI incidence,2026-04-05,4,ES,quantile,0.45,1.7866804153296356
2026-03-18,ILI incidence,2026-03-15,1,ES,quantile,0.5,5.403685604412887
2026-03-18,ILI incidence,2026-03-22,2,ES,quantile,0.5,3.81768321019321
2026-03-18,ILI incidence,2026-03-29,3,ES,quantile,0.5,2.657170746578414
2026-03-18,ILI incidence,2026-04-05,4,ES,quantile,0.5,1.8277746358673648
2026-03-18,ILI incidence,2026-03-15,1,ES,quantile,0.55,5.476020051531323
2026-03-18,ILI incidence,2026-03-22,2,ES,quantile,0.55,3.8790127349066257
2026-03-18,ILI incidence,2026-03-29,3,ES,quantile,0.55,2.707724184642017
2026-03-18,ILI incidence,2026-04-05,4,ES,quantile,0.55,1.8739398862831427
2026-03-18,ILI incidence,2026-03-15,1,ES,quantile,0.6,5.554297704548823
2026-03-18,ILI incidence,2026-03-22,2,ES,quantile,0.6,3.9393102355837892
2026-03-18,ILI incidence,2026-03-29,3,ES,quantile,0.6,2.7581323107972313
2026-03-18,ILI incidence,2026-04-05,4,ES,quantile,0.6,1.9131978521668747
2026-03-18,ILI incidence,2026-03-15,1,ES,quantile,0.65,5.654216750768114
2026-03-18,ILI incidence,2026-03-22,2,ES,quantile,0.65,4.019677958975615
2026-03-18,ILI incidence,2026-03-29,3,ES,quantile,0.65,2.8153575790406533
2026-03-18,ILI incidence,2026-04-05,4,ES,quantile,0.65,1.9509296266628153
2026-03-18,ILI incidence,2026-03-15,1,ES,quantile,0.7,5.744958397358642
2026-03-18,ILI incidence,2026-03-22,2,ES,quantile,0.7,4.091365893719497
2026-03-18,ILI incidence,2026-03-29,3,ES,quantile,0.7,2.879052736784634
2026-03-18,ILI incidence,2026-04-05,4,ES,quantile,0.7,2.001661358419359
2026-03-18,ILI incidence,2026-03-15,1,ES,quantile,0.75,5.852551712470882
2026-03-18,ILI incidence,2026-03-22,2,ES,quantile,0.75,4.17976769229556
2026-03-18,ILI incidence,2026-03-29,3,ES,quantile,0.75,2.9604715420568386
2026-03-18,ILI incidence,2026-04-05,4,ES,quantile,0.75,2.0672803779761533
2026-03-18,ILI incidence,2026-03-15,1,ES,quantile,0.8,6.003247595404799
2026-03-18,ILI incidence,2026-03-22,2,ES,quantile,0.8,4.300639496618538
2026-03-18,ILI incidence,2026-03-29,3,ES,quantile,0.8,3.037135698789273
2026-03-18,ILI incidence,2026-04-05,4,ES,quantile,0.8,2.123210052418691
2026-03-18,ILI incidence,2026-03-15,1,ES,quantile,0.85,6.173729597661059
2026-03-18,ILI incidence,2026-03-22,2,ES,quantile,0.85,4.417803615510027
2026-03-18,ILI incidence,2026-03-29,3,ES,quantile,0.85,3.1296405769127085
2026-03-18,ILI incidence,2026-04-05,4,ES,quantile,0.85,2.197347831299312
2026-03-18,ILI incidence,2026-03-15,1,ES,quantile,0.9,6.39706790676758
2026-03-18,ILI incidence,2026-03-22,2,ES,quantile,0.9,4.583915635670755
2026-03-18,ILI incidence,2026-03-29,3,ES,quantile,0.9,3.249785532646597
2026-03-18,ILI incidence,2026-04-05,4,ES,quantile,0.9,2.274458178751418
2026-03-18,ILI incidence,2026-03-15,1,ES,quantile,0.95,6.723752933018255
2026-03-18,ILI incidence,2026-03-22,2,ES,quantile,0.95,4.858940464734242
2026-03-18,ILI incidence,2026-03-29,3,ES,quantile,0.95,3.452797420300417
2026-03-18,ILI incidence,2026-04-05,4,ES,quantile,0.95,2.4448731346733243
2026-03-18,ILI incidence,2026-03-15,1,ES,quantile,0.975,7.009529233643865
2026-03-18,ILI incidence,2026-03-22,2,ES,quantile,0.975,5.119662334384541
2026-03-18,ILI incidence,2026-03-29,3,ES,quantile,0.975,3.638683928494836
2026-03-18,ILI incidence,2026-04-05,4,ES,quantile,0.975,2.6027766446036082
2026-03-18,ILI incidence,2026-03-15,1,ES,quantile,0.99,7.387381053876811
2026-03-18,ILI incidence,2026-03-22,2,ES,quantile,0.99,5.448636254566869
2026-03-18,ILI incidence,2026-03-29,3,ES,quantile,0.99,3.935488281596543
2026-03-18,ILI incidence,2026-04-05,4,ES,quantile,0.99,2.829220923084798
2026-03-18,ILI incidence,2026-03-15,1,ES,median,,5.403685604412887
2026-03-18,ILI incidence,2026-03-22,2,ES,median,,3.81768321019321
2026-03-18,ILI incidence,2026-03-29,3,ES,median,,2.657170746578414
2026-03-18,ILI incidence,2026-04-05,4,ES,median,,1.8277746358673648
2026-03-18,ILI incidence,2026-03-15,1,FR,quantile,0.01,33.3977123422107
2026-03-18,ILI incidence,2026-03-22,2,FR,quantile,0.01,22.055489208429474
2026-03-18,ILI incidence,2026-03-29,3,FR,quantile,0.01,14.01580864192379
2026-03-18,ILI incidence,2026-04-05,4,FR,quantile,0.01,8.683146754658072
2026-03-18,ILI incidence,2026-03-15,1,FR,quantile,0.025,34.20787730062995
2026-03-18,ILI incidence,2026-03-22,2,FR,quantile,0.025,22.815109679602276
2026-03-18,ILI incidence,2026-03-29,3,FR,quantile,0.025,14.946995874519471
2026-03-18,ILI incidence,2026-04-05,4,FR,quantile,0.025,9.690527314217642
2026-03-18,ILI incidence,2026-03-15,1,FR,quantile,0.05,35.163068517217745
2026-03-18,ILI incidence,2026-03-22,2,FR,quantile,0.05,23.448140897590804
2026-03-18,ILI incidence,2026-03-29,3,FR,quantile,0.05,15.379543062369054
2026-03-18,ILI incidence,2026-04-05,4,FR,quantile,0.05,9.937900653316897
2026-03-18,ILI incidence,2026-03-15,1,FR,quantile,0.1,39.16721794438073
2026-03-18,ILI incidence,2026-03-22,2,FR,quantile,0.1,26.93860968918274
2026-03-18,ILI incidence,2026-03-29,3,FR,quantile,0.1,18.22057979798624
2026-03-18,ILI incidence,2026-04-05,4,FR,quantile,0.1,12.012002455005975
2026-03-18,ILI incidence,2026-03-15,1,FR,quantile,0.15,39.87947391811712
2026-03-18,ILI incidence,2026-03-22,2,FR,quantile,0.15,27.524502299319533
2026-03-18,ILI incidence,2026-03-29,3,FR,quantile,0.15,18.66546828333104
2026-03-18,ILI incidence,2026-04-05,4,FR,quantile,0.15,12.450624098892964
2026-03-18,ILI incidence,2026-03-15,1,FR,quantile,0.2,40.655231244052025
2026-03-18,ILI incidence,2026-03-22,2,FR,quantile,0.2,27.946108095761485
2026-03-18,ILI incidence,2026-03-29,3,FR,quantile,0.2,18.964634983006317
2026-03-18,ILI incidence,2026-04-05,4,FR,quantile,0.2,12.6226666668714
2026-03-18,ILI incidence,2026-03-15,1,FR,quantile,0.25,41.068333113656735
2026-03-18,ILI incidence,2026-03-22,2,FR,quantile,0.25,28.340279302877065
2026-03-18,ILI incidence,2026-03-29,3,FR,quantile,0.25,19.18164805402199
2026-03-18,ILI incidence,2026-04-05,4,FR,quantile,0.25,12.83288702974525
2026-03-18,ILI incidence,2026-03-15,1,FR,quantile,0.3,41.44179306789129
2026-03-18,ILI incidence,2026-03-22,2,FR,quantile,0.3,28.626182424546197
2026-03-18,ILI incidence,2026-03-29,3,FR,quantile,0.3,19.36637039409178
2026-03-18,ILI incidence,2026-04-05,4,FR,quantile,0.3,12.963493939717319
2026-03-18,ILI incidence,2026-03-15,1,FR,quantile,0.35,41.75403347626249
2026-03-18,ILI incidence,2026-03-22,2,FR,quantile,0.35,28.909267794802542
2026-03-18,ILI incidence,2026-03-29,3,FR,quantile,0.35,19.62899641964716
2026-03-18,ILI incidence,2026-04-05,4,FR,quantile,0.35,13.17906858421993
2026-03-18,ILI incidence,2026-03-15,1,FR,quantile,0.4,42.25171937996308
2026-03-18,ILI incidence,2026-03-22,2,FR,quantile,0.4,29.14423413984072
2026-03-18,ILI incidence,2026-03-29,3,FR,quantile,0.4,19.939532278716875
2026-03-18,ILI incidence,2026-04-05,4,FR,quantile,0.4,13.396815079967894
2026-03-18,ILI incidence,2026-03-15,1,FR,quantile,0.45,42.83612939234542
2026-03-18,ILI incidence,2026-03-22,2,FR,quantile,0.45,29.611444970527153
2026-03-18,ILI incidence,2026-03-29,3,FR,quantile,0.45,20.331397267512894
2026-03-18,ILI incidence,2026-04-05,4,FR,quantile,0.45,13.86251965991178
2026-03-18,ILI incidence,2026-03-15,1,FR,quantile,0.5,43.720151406551274
2026-03-18,ILI incidence,2026-03-22,2,FR,quantile,0.5,30.27155841446136
2026-03-18,ILI incidence,2026-03-29,3,FR,quantile,0.5,20.770473916262162
2026-03-18,ILI incidence,2026-04-05,4,FR,quantile,0.5,14.239966469325694
2026-03-18,ILI incidence,2026-03-15,1,FR,quantile,0.55,45.01509704769382
2026-03-18,ILI incidence,2026-03-22,2,FR,quantile,0.55,31.4249323189454
2026-03-18,ILI incidence,2026-03-29,3,FR,quantile,0.55,21.61733166201202
2026-03-18,ILI incidence,2026-04-05,4,FR,quantile,0.55,14.665670273606779
2026-03-18,ILI incidence,2026-03-15,1,FR,quantile,0.6,46.493548119706105
2026-03-18,ILI incidence,2026-03-22,2,FR,quantile,0.6,32.61057543689661
2026-03-18,ILI incidence,2026-03-29,3,FR,quantile,0.6,22.491509039099018
2026-03-18,ILI incidence,2026-04-05,4,FR,quantile,0.6,15.273093934488069
2026-03-18,ILI incidence,2026-03-15,1,FR,quantile,0.65,47.6640135359066
2026-03-18,ILI incidence,2026-03-22,2,FR,quantile,0.65,33.627386912153554
2026-03-18,ILI incidence,2026-03-29,3,FR,quantile,0.65,23.36725038816956
2026-03-18,ILI incidence,2026-04-05,4,FR,quantile,0.65,15.960379962148231
2026-03-18,ILI incidence,2026-03-15,1,FR,quantile,0.7,49.18084230588062
2026-03-18,ILI incidence,2026-03-22,2,FR,quantile,0.7,34.64451329026608
2026-03-18,ILI incidence,2026-03-29,3,FR,quantile,0.7,24.089895637087086
2026-03-18,ILI incidence,2026-04-05,4,FR,quantile,0.7,16.55892038607631
2026-03-18,ILI incidence,2026-03-15,1,FR,quantile,0.75,50.50764636683557
2026-03-18,ILI incidence,2026-03-22,2,FR,quantile,0.75,36.380690251799706
2026-03-18,ILI incidence,2026-03-29,3,FR,quantile,0.75,25.85670506382246
2026-03-18,ILI incidence,2026-04-05,4,FR,quantile,0.75,18.10975186379772
2026-03-18,ILI incidence,2026-03-15,1,FR,quantile,0.8,52.2251262363514
2026-03-18,ILI incidence,2026-03-22,2,FR,quantile,0.8,38.24228741974258
2026-03-18,ILI incidence,2026-03-29,3,FR,quantile,0.8,27.750533218518232
2026-03-18,ILI incidence,2026-04-05,4,FR,quantile,0.8,20.121569267702377
2026-03-18,ILI incidence,2026-03-15,1,FR,quantile,0.85,58.651202034081905
2026-03-18,ILI incidence,2026-03-22,2,FR,quantile,0.85,43.568970931931965
2026-03-18,ILI incidence,2026-03-29,3,FR,quantile,0.85,32.026706368878614
2026-03-18,ILI incidence,2026-04-05,4,FR,quantile,0.85,23.497056290169276
2026-03-18,ILI incidence,2026-03-15,1,FR,quantile,0.9,61.967104869190635
2026-03-18,ILI incidence,2026-03-22,2,FR,quantile,0.9,46.81253742501971
2026-03-18,ILI incidence,2026-03-29,3,FR,quantile,0.9,35.07124822384949
2026-03-18,ILI incidence,2026-04-05,4,FR,quantile,0.9,26.015987917240867
2026-03-18,ILI incidence,2026-03-15,1,FR,quantile,0.95,64.09950457881455
2026-03-18,ILI incidence,2026-03-22,2,FR,quantile,0.95,48.965891070315074
2026-03-18,ILI incidence,2026-03-29,3,FR,quantile,0.95,36.918271912232484
2026-03-18,ILI incidence,2026-04-05,4,FR,quantile,0.95,27.758819992620086
2026-03-18,ILI incidence,2026-03-15,1,FR,quantile,0.975,64.99050583506877
2026-03-18,ILI incidence,2026-03-22,2,FR,quantile,0.975,49.77431642099911
2026-03-18,ILI incidence,2026-03-29,3,FR,quantile,0.975,37.785743069716524
2026-03-18,ILI incidence,2026-04-05,4,FR,quantile,0.975,28.42480823840182
2026-03-18,ILI incidence,2026-03-15,1,FR,quantile,0.99,65.56834937689571
2026-03-18,ILI incidence,2026-03-22,2,FR,quantile,0.99,50.24315870079083
2026-03-18,ILI incidence,2026-03-29,3,FR,quantile,0.99,38.261663033955955
2026-03-18,ILI incidence,2026-04-05,4,FR,quantile,0.99,28.867212320279044
2026-03-18,ILI incidence,2026-03-15,1,FR,median,,43.720151406551274
2026-03-18,ILI incidence,2026-03-22,2,FR,median,,30.27155841446136
2026-03-18,ILI incidence,2026-03-29,3,FR,median,,20.770473916262162
2026-03-18,ILI incidence,2026-04-05,4,FR,median,,14.239966469325694
2026-03-18,ILI incidence,2026-03-15,1,GR,quantile,0.01,486.6559964814668
2026-03-18,ILI incidence,2026-03-22,2,GR,quantile,0.01,406.4927319093122
2026-03-18,ILI incidence,2026-03-29,3,GR,quantile,0.01,334.1771849777238
2026-03-18,ILI incidence,2026-04-05,4,GR,quantile,0.01,269.8715604253616
2026-03-18,ILI incidence,2026-03-15,1,GR,quantile,0.025,504.0624257880573
2026-03-18,ILI incidence,2026-03-22,2,GR,quantile,0.025,417.64926075584356
2026-03-18,ILI incidence,2026-03-29,3,GR,quantile,0.025,342.7601923880651
2026-03-18,ILI incidence,2026-04-05,4,GR,quantile,0.025,277.300901389936
2026-03-18,ILI incidence,2026-03-15,1,GR,quantile,0.05,525.125518284091
2026-03-18,ILI incidence,2026-03-22,2,GR,quantile,0.05,435.3415049226358
2026-03-18,ILI incidence,2026-03-29,3,GR,quantile,0.05,357.1110571484239
2026-03-18,ILI incidence,2026-04-05,4,GR,quantile,0.05,290.41982380091696
2026-03-18,ILI incidence,2026-03-15,1,GR,quantile,0.1,547.4540216799555
2026-03-18,ILI incidence,2026-03-22,2,GR,quantile,0.1,456.7980305122844
2026-03-18,ILI incidence,2026-03-29,3,GR,quantile,0.1,375.9183083514554
2026-03-18,ILI incidence,2026-04-05,4,GR,quantile,0.1,306.2283923735732
2026-03-18,ILI incidence,2026-03-15,1,GR,quantile,0.15,565.987223237113
2026-03-18,ILI incidence,2026-03-22,2,GR,quantile,0.15,477.4887008096166
2026-03-18,ILI incidence,2026-03-29,3,GR,quantile,0.15,395.6179941861295
2026-03-18,ILI incidence,2026-04-05,4,GR,quantile,0.15,322.1324778168583
2026-03-18,ILI incidence,2026-03-15,1,GR,quantile,0.2,578.1014311405615
2026-03-18,ILI incidence,2026-03-22,2,GR,quantile,0.2,491.39960098731257
2026-03-18,ILI incidence,2026-03-29,3,GR,quantile,0.2,407.9556531919604
2026-03-18,ILI incidence,2026-04-05,4,GR,quantile,0.2,334.8066046490075
2026-03-18,ILI incidence,2026-03-15,1,GR,quantile,0.25,590.8640629802715
2026-03-18,ILI incidence,2026-03-22,2,GR,quantile,0.25,504.455902764695
2026-03-18,ILI incidence,2026-03-29,3,GR,quantile,0.25,421.81328730088774
2026-03-18,ILI incidence,2026-04-05,4,GR,quantile,0.25,348.99664530922735
2026-03-18,ILI incidence,2026-03-15,1,GR,quantile,0.3,602.054629408157
2026-03-18,ILI incidence,2026-03-22,2,GR,quantile,0.3,516.0632162581302
2026-03-18,ILI incidence,2026-03-29,3,GR,quantile,0.3,436.24247041885087
2026-03-18,ILI incidence,2026-04-05,4,GR,quantile,0.3,362.6205175343823
2026-03-18,ILI incidence,2026-03-15,1,GR,quantile,0.35,613.4194711419831
2026-03-18,ILI incidence,2026-03-22,2,GR,quantile,0.35,528.8734321390023
2026-03-18,ILI incidence,2026-03-29,3,GR,quantile,0.35,448.82831047105356
2026-03-18,ILI incidence,2026-04-05,4,GR,quantile,0.35,374.54507978180624
2026-03-18,ILI incidence,2026-03-15,1,GR,quantile,0.4,627.1612148852328
2026-03-18,ILI incidence,2026-03-22,2,GR,quantile,0.4,541.3096711920371
2026-03-18,ILI incidence,2026-03-29,3,GR,quantile,0.4,460.8395624814683
2026-03-18,ILI incidence,2026-04-05,4,GR,quantile,0.4,385.41348496778204
2026-03-18,ILI incidence,2026-03-15,1,GR,quantile,0.45,637.0410026119066
2026-03-18,ILI incidence,2026-03-22,2,GR,quantile,0.45,553.069584585961
2026-03-18,ILI incidence,2026-03-29,3,GR,quantile,0.45,471.23757580691887
2026-03-18,ILI incidence,2026-04-05,4,GR,quantile,0.45,394.60974814847634
2026-03-18,ILI incidence,2026-03-15,1,GR,quantile,0.5,650.6912326229285
2026-03-18,ILI incidence,2026-03-22,2,GR,quantile,0.5,564.2252178676601
2026-03-18,ILI incidence,2026-03-29,3,GR,quantile,0.5,481.0583970475403
2026-03-18,ILI incidence,2026-04-05,4,GR,quantile,0.5,404.03265754039796
2026-03-18,ILI incidence,2026-03-15,1,GR,quantile,0.55,661.4848686212866
2026-03-18,ILI incidence,2026-03-22,2,GR,quantile,0.55,577.0534842863178
2026-03-18,ILI incidence,2026-03-29,3,GR,quantile,0.55,492.4737983976995
2026-03-18,ILI incidence,2026-04-05,4,GR,quantile,0.55,413.13206989321975
2026-03-18,ILI incidence,2026-03-15,1,GR,quantile,0.6,671.1418927121817
2026-03-18,ILI incidence,2026-03-22,2,GR,quantile,0.6,586.8872892656335
2026-03-18,ILI incidence,2026-03-29,3,GR,quantile,0.6,501.44595005658545
2026-03-18,ILI incidence,2026-04-05,4,GR,quantile,0.6,423.9973996978466
2026-03-18,ILI incidence,2026-03-15,1,GR,quantile,0.65,681.7659345329737
2026-03-18,ILI incidence,2026-03-22,2,GR,quantile,0.65,597.1127294616077
2026-03-18,ILI incidence,2026-03-29,3,GR,quantile,0.65,513.8870176921088
2026-03-18,ILI incidence,2026-04-05,4,GR,quantile,0.65,436.04481953679993
2026-03-18,ILI incidence,2026-03-15,1,GR,quantile,0.7,691.1157239487635
2026-03-18,ILI incidence,2026-03-22,2,GR,quantile,0.7,609.6967740865407
2026-03-18,ILI incidence,2026-03-29,3,GR,quantile,0.7,526.5479963221067
2026-03-18,ILI incidence,2026-04-05,4,GR,quantile,0.7,448.20197055542275
2026-03-18,ILI incidence,2026-03-15,1,GR,quantile,0.75,702.379989403755
2026-03-18,ILI incidence,2026-03-22,2,GR,quantile,0.75,622.6314871672803
2026-03-18,ILI incidence,2026-03-29,3,GR,quantile,0.75,540.5639975448445
2026-03-18,ILI incidence,2026-04-05,4,GR,quantile,0.75,463.4538224269429
2026-03-18,ILI incidence,2026-03-15,1,GR,quantile,0.8,713.420312156084
2026-03-18,ILI incidence,2026-03-22,2,GR,quantile,0.8,637.5002399120701
2026-03-18,ILI incidence,2026-03-29,3,GR,quantile,0.8,556.9776137239567
2026-03-18,ILI incidence,2026-04-05,4,GR,quantile,0.8,479.57605267926965
2026-03-18,ILI incidence,2026-03-15,1,GR,quantile,0.85,727.0945133283565
2026-03-18,ILI incidence,2026-03-22,2,GR,quantile,0.85,652.2378844096842
2026-03-18,ILI incidence,2026-03-29,3,GR,quantile,0.85,574.9866458497202
2026-03-18,ILI incidence,2026-04-05,4,GR,quantile,0.85,499.938478201531
2026-03-18,ILI incidence,2026-03-15,1,GR,quantile,0.9,742.4906164646533
2026-03-18,ILI incidence,2026-03-22,2,GR,quantile,0.9,672.6355804960884
2026-03-18,ILI incidence,2026-03-29,3,GR,quantile,0.9,600.9248688470254
2026-03-18,ILI incidence,2026-04-05,4,GR,quantile,0.9,529.1187816601042
2026-03-18,ILI incidence,2026-03-15,1,GR,quantile,0.95,766.2766679728189
2026-03-18,ILI incidence,2026-03-22,2,GR,quantile,0.95,695.3552949717376
2026-03-18,ILI incidence,2026-03-29,3,GR,quantile,0.95,626.9824212651883
2026-03-18,ILI incidence,2026-04-05,4,GR,quantile,0.95,554.972980813513
2026-03-18,ILI incidence,2026-03-15,1,GR,quantile,0.975,787.9029048057831
2026-03-18,ILI incidence,2026-03-22,2,GR,quantile,0.975,714.1062174815996
2026-03-18,ILI incidence,2026-03-29,3,GR,quantile,0.975,641.031635857004
2026-03-18,ILI incidence,2026-04-05,4,GR,quantile,0.975,571.9770488256004
2026-03-18,ILI incidence,2026-03-15,1,GR,quantile,0.99,806.1328735128187
2026-03-18,ILI incidence,2026-03-22,2,GR,quantile,0.99,735.2380414021445
2026-03-18,ILI incidence,2026-03-29,3,GR,quantile,0.99,658.8501735527958
2026-03-18,ILI incidence,2026-04-05,4,GR,quantile,0.99,592.5494316782263
2026-03-18,ILI incidence,2026-03-15,1,GR,median,,650.6912326229285
2026-03-18,ILI incidence,2026-03-22,2,GR,median,,564.2252178676601
2026-03-18,ILI incidence,2026-03-29,3,GR,median,,481.0583970475403
2026-03-18,ILI incidence,2026-04-05,4,GR,median,,404.03265754039796
2026-03-18,ILI incidence,2026-03-15,1,HR,quantile,0.01,0.3567416624708723
2026-03-18,ILI incidence,2026-03-22,2,HR,quantile,0.01,0.17073481229901538
2026-03-18,ILI incidence,2026-03-29,3,HR,quantile,0.01,0.07489064154337763
2026-03-18,ILI incidence,2026-04-05,4,HR,quantile,0.01,0.03299983339212657
2026-03-18,ILI incidence,2026-03-15,1,HR,quantile,0.025,0.3761083106250632
2026-03-18,ILI incidence,2026-03-22,2,HR,quantile,0.025,0.17896203889926546
2026-03-18,ILI incidence,2026-03-29,3,HR,quantile,0.025,0.08231800405862273
2026-03-18,ILI incidence,2026-04-05,4,HR,quantile,0.025,0.03533646798876659
2026-03-18,ILI incidence,2026-03-15,1,HR,quantile,0.05,0.39353983318918273
2026-03-18,ILI incidence,2026-03-22,2,HR,quantile,0.05,0.18952330368735057
2026-03-18,ILI incidence,2026-03-29,3,HR,quantile,0.05,0.08795639567188591
2026-03-18,ILI incidence,2026-04-05,4,HR,quantile,0.05,0.0378519635757338
2026-03-18,ILI incidence,2026-03-15,1,HR,quantile,0.1,0.4140729439006629
2026-03-18,ILI incidence,2026-03-22,2,HR,quantile,0.1,0.20288495985086294
2026-03-18,ILI incidence,2026-03-29,3,HR,quantile,0.1,0.0958194131697497
2026-03-18,ILI incidence,2026-04-05,4,HR,quantile,0.1,0.042314287361400166
2026-03-18,ILI incidence,2026-03-15,1,HR,quantile,0.15,0.43250214604810866
2026-03-18,ILI incidence,2026-03-22,2,HR,quantile,0.15,0.2123079519401534
2026-03-18,ILI incidence,2026-03-29,3,HR,quantile,0.15,0.10120883632823151
2026-03-18,ILI incidence,2026-04-05,4,HR,quantile,0.15,0.04570704394107409
2026-03-18,ILI incidence,2026-03-15,1,HR,quantile,0.2,0.4474077493281874
2026-03-18,ILI incidence,2026-03-22,2,HR,quantile,0.2,0.22256245627747803
2026-03-18,ILI incidence,2026-03-29,3,HR,quantile,0.2,0.10661321605063993
2026-03-18,ILI incidence,2026-04-05,4,HR,quantile,0.2,0.04899407648763904
2026-03-18,ILI incidence,2026-03-15,1,HR,quantile,0.25,0.46555531541607637
2026-03-18,ILI incidence,2026-03-22,2,HR,quantile,0.25,0.23270354424200432
2026-03-18,ILI incidence,2026-03-29,3,HR,quantile,0.25,0.11242548790418433
2026-03-18,ILI incidence,2026-04-05,4,HR,quantile,0.25,0.05210869678404982
2026-03-18,ILI incidence,2026-03-15,1,HR,quantile,0.3,0.4794261465075665
2026-03-18,ILI incidence,2026-03-22,2,HR,quantile,0.3,0.24154253514648769
2026-03-18,ILI incidence,2026-03-29,3,HR,quantile,0.3,0.11779039361445873
2026-03-18,ILI incidence,2026-04-05,4,HR,quantile,0.3,0.0551829912536964
2026-03-18,ILI incidence,2026-03-15,1,HR,quantile,0.35,0.49848810710402014
2026-03-18,ILI incidence,2026-03-22,2,HR,quantile,0.35,0.2501363563487293
2026-03-18,ILI incidence,2026-03-29,3,HR,quantile,0.35,0.12319835528432478
2026-03-18,ILI incidence,2026-04-05,4,HR,quantile,0.35,0.05883309261179982
2026-03-18,ILI incidence,2026-03-15,1,HR,quantile,0.4,0.5145250499319868
2026-03-18,ILI incidence,2026-03-22,2,HR,quantile,0.4,0.2622266003364953
2026-03-18,ILI incidence,2026-03-29,3,HR,quantile,0.4,0.12867514634969335
2026-03-18,ILI incidence,2026-04-05,4,HR,quantile,0.4,0.0621831033701991
2026-03-18,ILI incidence,2026-03-15,1,HR,quantile,0.45,0.5307507450391282
2026-03-18,ILI incidence,2026-03-22,2,HR,quantile,0.45,0.2715729082223559
2026-03-18,ILI incidence,2026-03-29,3,HR,quantile,0.45,0.13559207456130504
2026-03-18,ILI incidence,2026-04-05,4,HR,quantile,0.45,0.0655984790067138
2026-03-18,ILI incidence,2026-03-15,1,HR,quantile,0.5,0.5512491116894966
2026-03-18,ILI incidence,2026-03-22,2,HR,quantile,0.5,0.2834111254319637
2026-03-18,ILI incidence,2026-03-29,3,HR,quantile,0.5,0.14192720285812116
2026-03-18,ILI incidence,2026-04-05,4,HR,quantile,0.5,0.06841027184604435
2026-03-18,ILI incidence,2026-03-15,1,HR,quantile,0.55,0.5672992685180066
2026-03-18,ILI incidence,2026-03-22,2,HR,quantile,0.55,0.29683455254380886
2026-03-18,ILI incidence,2026-03-29,3,HR,quantile,0.55,0.14837301781276027
2026-03-18,ILI incidence,2026-04-05,4,HR,quantile,0.55,0.07239348771036667
2026-03-18,ILI incidence,2026-03-15,1,HR,quantile,0.6,0.5875681969590151
2026-03-18,ILI incidence,2026-03-22,2,HR,quantile,0.6,0.30749117305119666
2026-03-18,ILI incidence,2026-03-29,3,HR,quantile,0.6,0.15507087475228448
2026-03-18,ILI incidence,2026-04-05,4,HR,quantile,0.6,0.07732057375588017
2026-03-18,ILI incidence,2026-03-15,1,HR,quantile,0.65,0.6081325726659853
2026-03-18,ILI incidence,2026-03-22,2,HR,quantile,0.65,0.32041085698875416
2026-03-18,ILI incidence,2026-03-29,3,HR,quantile,0.65,0.16270500306540484
2026-03-18,ILI incidence,2026-04-05,4,HR,quantile,0.65,0.08112725852389094
2026-03-18,ILI incidence,2026-03-15,1,HR,quantile,0.7,0.6347126438837448
2026-03-18,ILI incidence,2026-03-22,2,HR,quantile,0.7,0.33565877230550123
2026-03-18,ILI incidence,2026-03-29,3,HR,quantile,0.7,0.17538480669909287
2026-03-18,ILI incidence,2026-04-05,4,HR,quantile,0.7,0.08779285022161835
2026-03-18,ILI incidence,2026-03-15,1,HR,quantile,0.75,0.6611768532592619
2026-03-18,ILI incidence,2026-03-22,2,HR,quantile,0.75,0.3610043187168935
2026-03-18,ILI incidence,2026-03-29,3,HR,quantile,0.75,0.1880574368333428
2026-03-18,ILI incidence,2026-04-05,4,HR,quantile,0.75,0.09568073309863168
2026-03-18,ILI incidence,2026-03-15,1,HR,quantile,0.8,0.7009938114989717
2026-03-18,ILI incidence,2026-03-22,2,HR,quantile,0.8,0.3822742774144128
2026-03-18,ILI incidence,2026-03-29,3,HR,quantile,0.8,0.20264322236427226
2026-03-18,ILI incidence,2026-04-05,4,HR,quantile,0.8,0.10359528728388054
2026-03-18,ILI incidence,2026-03-15,1,HR,quantile,0.85,0.743841900868742
2026-03-18,ILI incidence,2026-03-22,2,HR,quantile,0.85,0.4162120355003409
2026-03-18,ILI incidence,2026-03-29,3,HR,quantile,0.85,0.22713893915480673
2026-03-18,ILI incidence,2026-04-05,4,HR,quantile,0.85,0.1170378970242991
2026-03-18,ILI incidence,2026-03-15,1,HR,quantile,0.9,0.810343638408705
2026-03-18,ILI incidence,2026-03-22,2,HR,quantile,0.9,0.4558974899244396
2026-03-18,ILI incidence,2026-03-29,3,HR,quantile,0.9,0.2495688820925457
2026-03-18,ILI incidence,2026-04-05,4,HR,quantile,0.9,0.13286555747650067
2026-03-18,ILI incidence,2026-03-15,1,HR,quantile,0.95,0.915446309827749
2026-03-18,ILI incidence,2026-03-22,2,HR,quantile,0.95,0.5225407478268276
2026-03-18,ILI incidence,2026-03-29,3,HR,quantile,0.95,0.300703900349633
2026-03-18,ILI incidence,2026-04-05,4,HR,quantile,0.95,0.16393674343458922
2026-03-18,ILI incidence,2026-03-15,1,HR,quantile,0.975,1.0211209377928925
2026-03-18,ILI incidence,2026-03-22,2,HR,quantile,0.975,0.5958893156498825
2026-03-18,ILI incidence,2026-03-29,3,HR,quantile,0.975,0.34839106340002146
2026-03-18,ILI incidence,2026-04-05,4,HR,quantile,0.975,0.19501222760532338
2026-03-18,ILI incidence,2026-03-15,1,HR,quantile,0.99,1.127125224300183
2026-03-18,ILI incidence,2026-03-22,2,HR,quantile,0.99,0.6800736345032822
2026-03-18,ILI incidence,2026-03-29,3,HR,quantile,0.99,0.39889575812634204
2026-03-18,ILI incidence,2026-04-05,4,HR,quantile,0.99,0.22743662045934077
2026-03-18,ILI incidence,2026-03-15,1,HR,median,,0.5512491116894966
2026-03-18,ILI incidence,2026-03-22,2,HR,median,,0.2834111254319637
2026-03-18,ILI incidence,2026-03-29,3,HR,median,,0.14192720285812116
2026-03-18,ILI incidence,2026-04-05,4,HR,median,,0.06841027184604435
2026-03-18,ILI incidence,2026-03-15,1,IE,quantile,0.01,2.3444825855268565
2026-03-18,ILI incidence,2026-03-22,2,IE,quantile,0.01,1.5369526740984756
2026-03-18,ILI incidence,2026-03-29,3,IE,quantile,0.01,0.9907854573291114
2026-03-18,ILI incidence,2026-04-05,4,IE,quantile,0.01,0.6014667664916128
2026-03-18,ILI incidence,2026-03-15,1,IE,quantile,0.025,2.442301425114032
2026-03-18,ILI incidence,2026-03-22,2,IE,quantile,0.025,1.5925009324986439
2026-03-18,ILI incidence,2026-03-29,3,IE,quantile,0.025,1.023982662874915
2026-03-18,ILI incidence,2026-04-05,4,IE,quantile,0.025,0.6317659591626839
2026-03-18,ILI incidence,2026-03-15,1,IE,quantile,0.05,2.5111260147415586
2026-03-18,ILI incidence,2026-03-22,2,IE,quantile,0.05,1.6633211515146071
2026-03-18,ILI incidence,2026-03-29,3,IE,quantile,0.05,1.0660505925230488
2026-03-18,ILI incidence,2026-04-05,4,IE,quantile,0.05,0.6685548044429457
2026-03-18,ILI incidence,2026-03-15,1,IE,quantile,0.1,2.5985675767931555
2026-03-18,ILI incidence,2026-03-22,2,IE,quantile,0.1,1.7206605231759295
2026-03-18,ILI incidence,2026-03-29,3,IE,quantile,0.1,1.1231551566890123
2026-03-18,ILI incidence,2026-04-05,4,IE,quantile,0.1,0.7227946045194841
2026-03-18,ILI incidence,2026-03-15,1,IE,quantile,0.15,2.6626415605689955
2026-03-18,ILI incidence,2026-03-22,2,IE,quantile,0.15,1.7717655032853257
2026-03-18,ILI incidence,2026-03-29,3,IE,quantile,0.15,1.1572495298826164
2026-03-18,ILI incidence,2026-04-05,4,IE,quantile,0.15,0.7444939200125054
2026-03-18,ILI incidence,2026-03-15,1,IE,quantile,0.2,2.721448409478723
2026-03-18,ILI incidence,2026-03-22,2,IE,quantile,0.2,1.8123364428518716
2026-03-18,ILI incidence,2026-03-29,3,IE,quantile,0.2,1.1938682539908883
2026-03-18,ILI incidence,2026-04-05,4,IE,quantile,0.2,0.767905226017497
2026-03-18,ILI incidence,2026-03-15,1,IE,quantile,0.25,2.786999220387043
2026-03-18,ILI incidence,2026-03-22,2,IE,quantile,0.25,1.8586990925952158
2026-03-18,ILI incidence,2026-03-29,3,IE,quantile,0.25,1.2335134131550913
2026-03-18,ILI incidence,2026-04-05,4,IE,quantile,0.25,0.7953940802407667
2026-03-18,ILI incidence,2026-03-15,1,IE,quantile,0.3,2.8326431013689484
2026-03-18,ILI incidence,2026-03-22,2,IE,quantile,0.3,1.8962976885466634
2026-03-18,ILI incidence,2026-03-29,3,IE,quantile,0.3,1.2582716211399714
2026-03-18,ILI incidence,2026-04-05,4,IE,quantile,0.3,0.8216916775497238
2026-03-18,ILI incidence,2026-03-15,1,IE,quantile,0.35,2.8969571343282166
2026-03-18,ILI incidence,2026-03-22,2,IE,quantile,0.35,1.948285846446346
2026-03-18,ILI incidence,2026-03-29,3,IE,quantile,0.35,1.294133274008659
2026-03-18,ILI incidence,2026-04-05,4,IE,quantile,0.35,0.8474037362229054
2026-03-18,ILI incidence,2026-03-15,1,IE,quantile,0.4,2.949198645956167
2026-03-18,ILI incidence,2026-03-22,2,IE,quantile,0.4,1.9840601708431613
2026-03-18,ILI incidence,2026-03-29,3,IE,quantile,0.4,1.326980586351388
2026-03-18,ILI incidence,2026-04-05,4,IE,quantile,0.4,0.8669063780288778
2026-03-18,ILI incidence,2026-03-15,1,IE,quantile,0.45,3.0070206365152474
2026-03-18,ILI incidence,2026-03-22,2,IE,quantile,0.45,2.0407517135056197
2026-03-18,ILI incidence,2026-03-29,3,IE,quantile,0.45,1.3567758360982398
2026-03-18,ILI incidence,2026-04-05,4,IE,quantile,0.45,0.8929990632418912
2026-03-18,ILI incidence,2026-03-15,1,IE,quantile,0.5,3.0550726828646457
2026-03-18,ILI incidence,2026-03-22,2,IE,quantile,0.5,2.081160952803487
2026-03-18,ILI incidence,2026-03-29,3,IE,quantile,0.5,1.3845869673325153
2026-03-18,ILI incidence,2026-04-05,4,IE,quantile,0.5,0.9189628190509498
2026-03-18,ILI incidence,2026-03-15,1,IE,quantile,0.55,3.106291601331712
2026-03-18,ILI incidence,2026-03-22,2,IE,quantile,0.55,2.1224313462019504
2026-03-18,ILI incidence,2026-03-29,3,IE,quantile,0.55,1.4167155850448927
2026-03-18,ILI incidence,2026-04-05,4,IE,quantile,0.55,0.9427066133714981
2026-03-18,ILI incidence,2026-03-15,1,IE,quantile,0.6,3.1598281588356434
2026-03-18,ILI incidence,2026-03-22,2,IE,quantile,0.6,2.1584880439806047
2026-03-18,ILI incidence,2026-03-29,3,IE,quantile,0.6,1.4524349559141976
2026-03-18,ILI incidence,2026-04-05,4,IE,quantile,0.6,0.9718190486297896
2026-03-18,ILI incidence,2026-03-15,1,IE,quantile,0.65,3.2159996320582316
2026-03-18,ILI incidence,2026-03-22,2,IE,quantile,0.65,2.203779580432746
2026-03-18,ILI incidence,2026-03-29,3,IE,quantile,0.65,1.4960322925750644
2026-03-18,ILI incidence,2026-04-05,4,IE,quantile,0.65,1.002143881337211
2026-03-18,ILI incidence,2026-03-15,1,IE,quantile,0.7,3.285795835798867
2026-03-18,ILI incidence,2026-03-22,2,IE,quantile,0.7,2.259505079382069
2026-03-18,ILI incidence,2026-03-29,3,IE,quantile,0.7,1.5406776802729003
2026-03-18,ILI incidence,2026-04-05,4,IE,quantile,0.7,1.0356683636241493
2026-03-18,ILI incidence,2026-03-15,1,IE,quantile,0.75,3.356228798272529
2026-03-18,ILI incidence,2026-03-22,2,IE,quantile,0.75,2.3273349878465006
2026-03-18,ILI incidence,2026-03-29,3,IE,quantile,0.75,1.5944537835159933
2026-03-18,ILI incidence,2026-04-05,4,IE,quantile,0.75,1.0717658000265584
2026-03-18,ILI incidence,2026-03-15,1,IE,quantile,0.8,3.427261061545165
2026-03-18,ILI incidence,2026-03-22,2,IE,quantile,0.8,2.395626396931462
2026-03-18,ILI incidence,2026-03-29,3,IE,quantile,0.8,1.6385255833113461
2026-03-18,ILI incidence,2026-04-05,4,IE,quantile,0.8,1.1121724489129
2026-03-18,ILI incidence,2026-03-15,1,IE,quantile,0.85,3.533793129581598
2026-03-18,ILI incidence,2026-03-22,2,IE,quantile,0.85,2.472039765503947
2026-03-18,ILI incidence,2026-03-29,3,IE,quantile,0.85,1.706183617191748
2026-03-18,ILI incidence,2026-04-05,4,IE,quantile,0.85,1.1722868205577892
2026-03-18,ILI incidence,2026-03-15,1,IE,quantile,0.9,3.656758516525396
2026-03-18,ILI incidence,2026-03-22,2,IE,quantile,0.9,2.55599970762911
2026-03-18,ILI incidence,2026-03-29,3,IE,quantile,0.9,1.790511295581509
2026-03-18,ILI incidence,2026-04-05,4,IE,quantile,0.9,1.2341429887314952
2026-03-18,ILI incidence,2026-03-15,1,IE,quantile,0.95,3.8372730917250797
2026-03-18,ILI incidence,2026-03-22,2,IE,quantile,0.95,2.7057216893961025
2026-03-18,ILI incidence,2026-03-29,3,IE,quantile,0.95,1.8914367329872674
2026-03-18,ILI incidence,2026-04-05,4,IE,quantile,0.95,1.3191220938192376
2026-03-18,ILI incidence,2026-03-15,1,IE,quantile,0.975,4.016255348403097
2026-03-18,ILI incidence,2026-03-22,2,IE,quantile,0.975,2.8619643877214678
2026-03-18,ILI incidence,2026-03-29,3,IE,quantile,0.975,2.0131436475416207
2026-03-18,ILI incidence,2026-04-05,4,IE,quantile,0.975,1.4309457219073685
2026-03-18,ILI incidence,2026-03-15,1,IE,quantile,0.99,4.166005313995293
2026-03-18,ILI incidence,2026-03-22,2,IE,quantile,0.99,3.025925080022151
2026-03-18,ILI incidence,2026-03-29,3,IE,quantile,0.99,2.158071245127384
2026-03-18,ILI incidence,2026-04-05,4,IE,quantile,0.99,1.512092780469961
2026-03-18,ILI incidence,2026-03-15,1,IE,median,,3.0550726828646457
2026-03-18,ILI incidence,2026-03-22,2,IE,median,,2.081160952803487
2026-03-18,ILI incidence,2026-03-29,3,IE,median,,1.3845869673325153
2026-03-18,ILI incidence,2026-04-05,4,IE,median,,0.9189628190509498
2026-03-18,ILI incidence,2026-03-15,1,LT,quantile,0.01,15.684587337863745
2026-03-18,ILI incidence,2026-03-22,2,LT,quantile,0.01,7.329275025771052
2026-03-18,ILI incidence,2026-03-29,3,LT,quantile,0.01,3.3093798110893458
2026-03-18,ILI incidence,2026-04-05,4,LT,quantile,0.01,1.4108113858903875
2026-03-18,ILI incidence,2026-03-15,1,LT,quantile,0.025,17.44352314925413
2026-03-18,ILI incidence,2026-03-22,2,LT,quantile,0.025,8.201946401529783
2026-03-18,ILI incidence,2026-03-29,3,LT,quantile,0.025,3.6797987333924365
2026-03-18,ILI incidence,2026-04-05,4,LT,quantile,0.025,1.5784976005199072
2026-03-18,ILI incidence,2026-03-15,1,LT,quantile,0.05,18.632067437215056
2026-03-18,ILI incidence,2026-03-22,2,LT,quantile,0.05,8.825028417174007
2026-03-18,ILI incidence,2026-03-29,3,LT,quantile,0.05,4.00610256128555
2026-03-18,ILI incidence,2026-04-05,4,LT,quantile,0.05,1.7416371082519557
2026-03-18,ILI incidence,2026-03-15,1,LT,quantile,0.1,20.176820345089627
2026-03-18,ILI incidence,2026-03-22,2,LT,quantile,0.1,9.615518686195598
2026-03-18,ILI incidence,2026-03-29,3,LT,quantile,0.1,4.486885111688202
2026-03-18,ILI incidence,2026-04-05,4,LT,quantile,0.1,1.989275726815347
2026-03-18,ILI incidence,2026-03-15,1,LT,quantile,0.15,21.60683703270124
2026-03-18,ILI incidence,2026-03-22,2,LT,quantile,0.15,10.46501580302652
2026-03-18,ILI incidence,2026-03-29,3,LT,quantile,0.15,4.914404997342543
2026-03-18,ILI incidence,2026-04-05,4,LT,quantile,0.15,2.2451026580372115
2026-03-18,ILI incidence,2026-03-15,1,LT,quantile,0.2,22.771217026422278
2026-03-18,ILI incidence,2026-03-22,2,LT,quantile,0.2,11.187941512011909
2026-03-18,ILI incidence,2026-03-29,3,LT,quantile,0.2,5.2777621112651625
2026-03-18,ILI incidence,2026-04-05,4,LT,quantile,0.2,2.402515822223037
2026-03-18,ILI incidence,2026-03-15,1,LT,quantile,0.25,23.527234257271758
2026-03-18,ILI incidence,2026-03-22,2,LT,quantile,0.25,11.643102429001935
2026-03-18,ILI incidence,2026-03-29,3,LT,quantile,0.25,5.58910668161664
2026-03-18,ILI incidence,2026-04-05,4,LT,quantile,0.25,2.5504991567525317
2026-03-18,ILI incidence,2026-03-15,1,LT,quantile,0.3,24.267553775957186
2026-03-18,ILI incidence,2026-03-22,2,LT,quantile,0.3,12.026228957928515
2026-03-18,ILI incidence,2026-03-29,3,LT,quantile,0.3,5.767539965990121
2026-03-18,ILI incidence,2026-04-05,4,LT,quantile,0.3,2.694630883804764
2026-03-18,ILI incidence,2026-03-15,1,LT,quantile,0.35,25.082387091752015
2026-03-18,ILI incidence,2026-03-22,2,LT,quantile,0.35,12.491588320817815
2026-03-18,ILI incidence,2026-03-29,3,LT,quantile,0.35,6.023868594705664
2026-03-18,ILI incidence,2026-04-05,4,LT,quantile,0.35,2.811333137278964
2026-03-18,ILI incidence,2026-03-15,1,LT,quantile,0.4,25.77279410657289
2026-03-18,ILI incidence,2026-03-22,2,LT,quantile,0.4,12.974705915805565
2026-03-18,ILI incidence,2026-03-29,3,LT,quantile,0.4,6.28522533621099
2026-03-18,ILI incidence,2026-04-05,4,LT,quantile,0.4,2.941130357905799
2026-03-18,ILI incidence,2026-03-15,1,LT,quantile,0.45,26.456781217257944
2026-03-18,ILI incidence,2026-03-22,2,LT,quantile,0.45,13.372833599040566
2026-03-18,ILI incidence,2026-03-29,3,LT,quantile,0.45,6.527740457484821
2026-03-18,ILI incidence,2026-04-05,4,LT,quantile,0.45,3.0590495639124433
2026-03-18,ILI incidence,2026-03-15,1,LT,quantile,0.5,27.034212206397356
2026-03-18,ILI incidence,2026-03-22,2,LT,quantile,0.5,13.788429274745928
2026-03-18,ILI incidence,2026-03-29,3,LT,quantile,0.5,6.766672994440273
2026-03-18,ILI incidence,2026-04-05,4,LT,quantile,0.5,3.1847960636975285
2026-03-18,ILI incidence,2026-03-15,1,LT,quantile,0.55,27.809938148596657
2026-03-18,ILI incidence,2026-03-22,2,LT,quantile,0.55,14.159000681963237
2026-03-18,ILI incidence,2026-03-29,3,LT,quantile,0.55,6.951630405500881
2026-03-18,ILI incidence,2026-04-05,4,LT,quantile,0.55,3.314711700713074
2026-03-18,ILI incidence,2026-03-15,1,LT,quantile,0.6,28.502988555855737
2026-03-18,ILI incidence,2026-03-22,2,LT,quantile,0.6,14.517400669513338
2026-03-18,ILI incidence,2026-03-29,3,LT,quantile,0.6,7.177920354520717
2026-03-18,ILI incidence,2026-04-05,4,LT,quantile,0.6,3.424227684317165
2026-03-18,ILI incidence,2026-03-15,1,LT,quantile,0.65,29.1189543735734
2026-03-18,ILI incidence,2026-03-22,2,LT,quantile,0.65,14.962774567692522
2026-03-18,ILI incidence,2026-03-29,3,LT,quantile,0.65,7.405103565508604
2026-03-18,ILI incidence,2026-04-05,4,LT,quantile,0.65,3.5522695356565546
2026-03-18,ILI incidence,2026-03-15,1,LT,quantile,0.7,29.83609479597
2026-03-18,ILI incidence,2026-03-22,2,LT,quantile,0.7,15.413212485326794
2026-03-18,ILI incidence,2026-03-29,3,LT,quantile,0.7,7.710703037796742
2026-03-18,ILI incidence,2026-04-05,4,LT,quantile,0.7,3.714760356394521
2026-03-18,ILI incidence,2026-03-15,1,LT,quantile,0.75,30.589610763479044
2026-03-18,ILI incidence,2026-03-22,2,LT,quantile,0.75,15.821438211837313
2026-03-18,ILI incidence,2026-03-29,3,LT,quantile,0.75,7.94398178354456
2026-03-18,ILI incidence,2026-04-05,4,LT,quantile,0.75,3.849569249994196
2026-03-18,ILI incidence,2026-03-15,1,LT,quantile,0.8,31.402157304991885
2026-03-18,ILI incidence,2026-03-22,2,LT,quantile,0.8,16.303287920893208
2026-03-18,ILI incidence,2026-03-29,3,LT,quantile,0.8,8.162150316104567
2026-03-18,ILI incidence,2026-04-05,4,LT,quantile,0.8,3.9843395672931163
2026-03-18,ILI incidence,2026-03-15,1,LT,quantile,0.85,32.23706602996703
2026-03-18,ILI incidence,2026-03-22,2,LT,quantile,0.85,16.793370841416987
2026-03-18,ILI incidence,2026-03-29,3,LT,quantile,0.85,8.483788701250393
2026-03-18,ILI incidence,2026-04-05,4,LT,quantile,0.85,4.161050829419689
2026-03-18,ILI incidence,2026-03-15,1,LT,quantile,0.9,33.33380026633074
2026-03-18,ILI incidence,2026-03-22,2,LT,quantile,0.9,17.59749425996579
2026-03-18,ILI incidence,2026-03-29,3,LT,quantile,0.9,9.015394074641423
2026-03-18,ILI incidence,2026-04-05,4,LT,quantile,0.9,4.460453111942179
2026-03-18,ILI incidence,2026-03-15,1,LT,quantile,0.95,34.890926813453135
2026-03-18,ILI incidence,2026-03-22,2,LT,quantile,0.95,18.574793096479702
2026-03-18,ILI incidence,2026-03-29,3,LT,quantile,0.95,9.605622086071502
2026-03-18,ILI incidence,2026-04-05,4,LT,quantile,0.95,4.848356801485147
2026-03-18,ILI incidence,2026-03-15,1,LT,quantile,0.975,35.91035698315887
2026-03-18,ILI incidence,2026-03-22,2,LT,quantile,0.975,19.265701770112127
2026-03-18,ILI incidence,2026-03-29,3,LT,quantile,0.975,10.220069716541314
2026-03-18,ILI incidence,2026-04-05,4,LT,quantile,0.975,5.180745948709083
2026-03-18,ILI incidence,2026-03-15,1,LT,quantile,0.99,36.8753508599946
2026-03-18,ILI incidence,2026-03-22,2,LT,quantile,0.99,20.13816201450289
2026-03-18,ILI incidence,2026-03-29,3,LT,quantile,0.99,10.842429819933361
2026-03-18,ILI incidence,2026-04-05,4,LT,quantile,0.99,5.665854808688132
2026-03-18,ILI incidence,2026-03-15,1,LT,median,,27.034212206397356
2026-03-18,ILI incidence,2026-03-22,2,LT,median,,13.788429274745928
2026-03-18,ILI incidence,2026-03-29,3,LT,median,,6.766672994440273
2026-03-18,ILI incidence,2026-04-05,4,LT,median,,3.1847960636975285
2026-03-18,ILI incidence,2026-03-15,1,LU,quantile,0.01,1302.3746071882128
2026-03-18,ILI incidence,2026-03-22,2,LU,quantile,0.01,791.5328963559848
2026-03-18,ILI incidence,2026-03-29,3,LU,quantile,0.01,448.99636189859086
2026-03-18,ILI incidence,2026-04-05,4,LU,quantile,0.01,244.03376584374803
2026-03-18,ILI incidence,2026-03-15,1,LU,quantile,0.025,1456.3545919101005
2026-03-18,ILI incidence,2026-03-22,2,LU,quantile,0.025,873.3829974092073
2026-03-18,ILI incidence,2026-03-29,3,LU,quantile,0.025,506.16615077758325
2026-03-18,ILI incidence,2026-04-05,4,LU,quantile,0.025,279.26792278638624
2026-03-18,ILI incidence,2026-03-15,1,LU,quantile,0.05,1548.4163608466042
2026-03-18,ILI incidence,2026-03-22,2,LU,quantile,0.05,942.0396580752471
2026-03-18,ILI incidence,2026-03-29,3,LU,quantile,0.05,558.0279420102368
2026-03-18,ILI incidence,2026-04-05,4,LU,quantile,0.05,318.94087374701263
2026-03-18,ILI incidence,2026-03-15,1,LU,quantile,0.1,1699.0429376991278
2026-03-18,ILI incidence,2026-03-22,2,LU,quantile,0.1,1060.5856285899372
2026-03-18,ILI incidence,2026-03-29,3,LU,quantile,0.1,643.9113723586454
2026-03-18,ILI incidence,2026-04-05,4,LU,quantile,0.1,373.83587159454197
2026-03-18,ILI incidence,2026-03-15,1,LU,quantile,0.15,1843.899906677464
2026-03-18,ILI incidence,2026-03-22,2,LU,quantile,0.15,1162.2058392440772
2026-03-18,ILI incidence,2026-03-29,3,LU,quantile,0.15,712.2920994199899
2026-03-18,ILI incidence,2026-04-05,4,LU,quantile,0.15,422.889540059507
2026-03-18,ILI incidence,2026-03-15,1,LU,quantile,0.2,1970.3697634183832
2026-03-18,ILI incidence,2026-03-22,2,LU,quantile,0.2,1262.1117048562498
2026-03-18,ILI incidence,2026-03-29,3,LU,quantile,0.2,798.0177790019674
2026-03-18,ILI incidence,2026-04-05,4,LU,quantile,0.2,490.2208156392596
2026-03-18,ILI incidence,2026-03-15,1,LU,quantile,0.25,2081.3156034387534
2026-03-18,ILI incidence,2026-03-22,2,LU,quantile,0.25,1393.928091914333
2026-03-18,ILI incidence,2026-03-29,3,LU,quantile,0.25,905.0816427200934
2026-03-18,ILI incidence,2026-04-05,4,LU,quantile,0.25,566.9350845754084
2026-03-18,ILI incidence,2026-03-15,1,LU,quantile,0.3,2229.406215321123
2026-03-18,ILI incidence,2026-03-22,2,LU,quantile,0.3,1529.6275837139076
2026-03-18,ILI incidence,2026-03-29,3,LU,quantile,0.3,1019.2558584639551
2026-03-18,ILI incidence,2026-04-05,4,LU,quantile,0.3,666.2979470739538
2026-03-18,ILI incidence,2026-03-15,1,LU,quantile,0.35,2400.280318374951
2026-03-18,ILI incidence,2026-03-22,2,LU,quantile,0.35,1679.3692089146962
2026-03-18,ILI incidence,2026-03-29,3,LU,quantile,0.35,1140.668965727051
2026-03-18,ILI incidence,2026-04-05,4,LU,quantile,0.35,757.7675991044333
2026-03-18,ILI incidence,2026-03-15,1,LU,quantile,0.4,2508.871715302706
2026-03-18,ILI incidence,2026-03-22,2,LU,quantile,0.4,1796.1513627876088
2026-03-18,ILI incidence,2026-03-29,3,LU,quantile,0.4,1241.3099530317845
2026-03-18,ILI incidence,2026-04-05,4,LU,quantile,0.4,837.7854680995943
2026-03-18,ILI incidence,2026-03-15,1,LU,quantile,0.45,2627.446279950648
2026-03-18,ILI incidence,2026-03-22,2,LU,quantile,0.45,1900.8849631953344
2026-03-18,ILI incidence,2026-03-29,3,LU,quantile,0.45,1328.8366475395128
2026-03-18,ILI incidence,2026-04-05,4,LU,quantile,0.45,910.413684165139
2026-03-18,ILI incidence,2026-03-15,1,LU,quantile,0.5,2702.128066377377
2026-03-18,ILI incidence,2026-03-22,2,LU,quantile,0.5,1990.1458053950405
2026-03-18,ILI incidence,2026-03-29,3,LU,quantile,0.5,1414.1062585677107
2026-03-18,ILI incidence,2026-04-05,4,LU,quantile,0.5,983.6275952404355
2026-03-18,ILI incidence,2026-03-15,1,LU,quantile,0.55,2806.4145373858505
2026-03-18,ILI incidence,2026-03-22,2,LU,quantile,0.55,2073.5123213572697
2026-03-18,ILI incidence,2026-03-29,3,LU,quantile,0.55,1506.6932374839673
2026-03-18,ILI incidence,2026-04-05,4,LU,quantile,0.55,1061.9929998695955
2026-03-18,ILI incidence,2026-03-15,1,LU,quantile,0.6,2884.004329673171
2026-03-18,ILI incidence,2026-03-22,2,LU,quantile,0.6,2162.334311448192
2026-03-18,ILI incidence,2026-03-29,3,LU,quantile,0.6,1576.7665313187251
2026-03-18,ILI incidence,2026-04-05,4,LU,quantile,0.6,1128.2163437159682
2026-03-18,ILI incidence,2026-03-15,1,LU,quantile,0.65,2975.762172464914
2026-03-18,ILI incidence,2026-03-22,2,LU,quantile,0.65,2245.9256378093874
2026-03-18,ILI incidence,2026-03-29,3,LU,quantile,0.65,1658.8137294803244
2026-03-18,ILI incidence,2026-04-05,4,LU,quantile,0.65,1217.4755975039443
2026-03-18,ILI incidence,2026-03-15,1,LU,quantile,0.7,3096.97930367095
2026-03-18,ILI incidence,2026-03-22,2,LU,quantile,0.7,2355.154460471418
2026-03-18,ILI incidence,2026-03-29,3,LU,quantile,0.7,1755.8067446251782
2026-03-18,ILI incidence,2026-04-05,4,LU,quantile,0.7,1299.590590841783
2026-03-18,ILI incidence,2026-03-15,1,LU,quantile,0.75,3247.136883584848
2026-03-18,ILI incidence,2026-03-22,2,LU,quantile,0.75,2479.2927224709592
2026-03-18,ILI incidence,2026-03-29,3,LU,quantile,0.75,1879.7044206282533
2026-03-18,ILI incidence,2026-04-05,4,LU,quantile,0.75,1387.8009705632553
2026-03-18,ILI incidence,2026-03-15,1,LU,quantile,0.8,3386.010213783632
2026-03-18,ILI incidence,2026-03-22,2,LU,quantile,0.8,2646.0447386197843
2026-03-18,ILI incidence,2026-03-29,3,LU,quantile,0.8,1991.6651904445496
2026-03-18,ILI incidence,2026-04-05,4,LU,quantile,0.8,1502.6256612029767
2026-03-18,ILI incidence,2026-03-15,1,LU,quantile,0.85,3537.1214156975184
2026-03-18,ILI incidence,2026-03-22,2,LU,quantile,0.85,2767.827682441845
2026-03-18,ILI incidence,2026-03-29,3,LU,quantile,0.85,2126.48700699953
2026-03-18,ILI incidence,2026-04-05,4,LU,quantile,0.85,1608.5745769605787
2026-03-18,ILI incidence,2026-03-15,1,LU,quantile,0.9,3717.2023352188435
2026-03-18,ILI incidence,2026-03-22,2,LU,quantile,0.9,2926.235046475481
2026-03-18,ILI incidence,2026-03-29,3,LU,quantile,0.9,2284.7430869925465
2026-03-18,ILI incidence,2026-04-05,4,LU,quantile,0.9,1732.3206284160608
2026-03-18,ILI incidence,2026-03-15,1,LU,quantile,0.95,3965.8471044165917
2026-03-18,ILI incidence,2026-03-22,2,LU,quantile,0.95,3144.6308202978753
2026-03-18,ILI incidence,2026-03-29,3,LU,quantile,0.95,2448.8292747807272
2026-03-18,ILI incidence,2026-04-05,4,LU,quantile,0.95,1916.142879205876
2026-03-18,ILI incidence,2026-03-15,1,LU,quantile,0.975,4097.545292396895
2026-03-18,ILI incidence,2026-03-22,2,LU,quantile,0.975,3323.0813104393824
2026-03-18,ILI incidence,2026-03-29,3,LU,quantile,0.975,2659.5836077282456
2026-03-18,ILI incidence,2026-04-05,4,LU,quantile,0.975,2060.1688471356006
2026-03-18,ILI incidence,2026-03-15,1,LU,quantile,0.99,4246.921912355061
2026-03-18,ILI incidence,2026-03-22,2,LU,quantile,0.99,3450.0566908754704
2026-03-18,ILI incidence,2026-03-29,3,LU,quantile,0.99,2836.491237475468
2026-03-18,ILI incidence,2026-04-05,4,LU,quantile,0.99,2272.3781921257205
2026-03-18,ILI incidence,2026-03-15,1,LU,median,,2702.128066377377
2026-03-18,ILI incidence,2026-03-22,2,LU,median,,1990.1458053950405
2026-03-18,ILI incidence,2026-03-29,3,LU,median,,1414.1062585677107
2026-03-18,ILI incidence,2026-04-05,4,LU,median,,983.6275952404355
2026-03-18,ILI incidence,2026-03-15,1,PL,quantile,0.01,321.425221763733
2026-03-18,ILI incidence,2026-03-22,2,PL,quantile,0.01,257.20315254131333
2026-03-18,ILI incidence,2026-03-29,3,PL,quantile,0.01,200.1482998609488
2026-03-18,ILI incidence,2026-04-05,4,PL,quantile,0.01,151.21853888620026
2026-03-18,ILI incidence,2026-03-15,1,PL,quantile,0.025,323.24331848753195
2026-03-18,ILI incidence,2026-03-22,2,PL,quantile,0.025,260.6645991255886
2026-03-18,ILI incidence,2026-03-29,3,PL,quantile,0.025,203.58846613856952
2026-03-18,ILI incidence,2026-04-05,4,PL,quantile,0.025,155.35788279453018
2026-03-18,ILI incidence,2026-03-15,1,PL,quantile,0.05,325.7837996540855
2026-03-18,ILI incidence,2026-03-22,2,PL,quantile,0.05,263.81361909876523
2026-03-18,ILI incidence,2026-03-29,3,PL,quantile,0.05,206.89453143111248
2026-03-18,ILI incidence,2026-04-05,4,PL,quantile,0.05,158.88241770489438
2026-03-18,ILI incidence,2026-03-15,1,PL,quantile,0.1,330.00492647819385
2026-03-18,ILI incidence,2026-03-22,2,PL,quantile,0.1,268.93758646371214
2026-03-18,ILI incidence,2026-03-29,3,PL,quantile,0.1,212.7902077741044
2026-03-18,ILI incidence,2026-04-05,4,PL,quantile,0.1,163.71569465847693
2026-03-18,ILI incidence,2026-03-15,1,PL,quantile,0.15,333.1409732932325
2026-03-18,ILI incidence,2026-03-22,2,PL,quantile,0.15,274.0356897858511
2026-03-18,ILI incidence,2026-03-29,3,PL,quantile,0.15,218.57906826735277
2026-03-18,ILI incidence,2026-04-05,4,PL,quantile,0.15,170.4993251250846
2026-03-18,ILI incidence,2026-03-15,1,PL,quantile,0.2,336.97249406806907
2026-03-18,ILI incidence,2026-03-22,2,PL,quantile,0.2,278.13665511154574
2026-03-18,ILI incidence,2026-03-29,3,PL,quantile,0.2,223.17648510426875
2026-03-18,ILI incidence,2026-04-05,4,PL,quantile,0.2,175.3414675358453
2026-03-18,ILI incidence,2026-03-15,1,PL,quantile,0.25,341.7439585938712
2026-03-18,ILI incidence,2026-03-22,2,PL,quantile,0.25,282.0448959024637
2026-03-18,ILI incidence,2026-03-29,3,PL,quantile,0.25,227.63921915438652
2026-03-18,ILI incidence,2026-04-05,4,PL,quantile,0.25,180.32556705280223
2026-03-18,ILI incidence,2026-03-15,1,PL,quantile,0.3,345.631423080511
2026-03-18,ILI incidence,2026-03-22,2,PL,quantile,0.3,285.8148119517643
2026-03-18,ILI incidence,2026-03-29,3,PL,quantile,0.3,231.7278406197319
2026-03-18,ILI incidence,2026-04-05,4,PL,quantile,0.3,184.4904213695169
2026-03-18,ILI incidence,2026-03-15,1,PL,quantile,0.35,349.37381830354
2026-03-18,ILI incidence,2026-03-22,2,PL,quantile,0.35,289.7228863529653
2026-03-18,ILI incidence,2026-03-29,3,PL,quantile,0.35,236.46775856541856
2026-03-18,ILI incidence,2026-04-05,4,PL,quantile,0.35,188.8771005979562
2026-03-18,ILI incidence,2026-03-15,1,PL,quantile,0.4,353.42406011276285
2026-03-18,ILI incidence,2026-03-22,2,PL,quantile,0.4,294.7621688717731
2026-03-18,ILI incidence,2026-03-29,3,PL,quantile,0.4,241.21395358115666
2026-03-18,ILI incidence,2026-04-05,4,PL,quantile,0.4,193.6162610231842
2026-03-18,ILI incidence,2026-03-15,1,PL,quantile,0.45,357.38121445003446
2026-03-18,ILI incidence,2026-03-22,2,PL,quantile,0.45,299.66978459330505
2026-03-18,ILI incidence,2026-03-29,3,PL,quantile,0.45,245.1046503307576
2026-03-18,ILI incidence,2026-04-05,4,PL,quantile,0.45,196.84685467676874
2026-03-18,ILI incidence,2026-03-15,1,PL,quantile,0.5,361.4547643408017
2026-03-18,ILI incidence,2026-03-22,2,PL,quantile,0.5,302.56775943078014
2026-03-18,ILI incidence,2026-03-29,3,PL,quantile,0.5,248.14506546125722
2026-03-18,ILI incidence,2026-04-05,4,PL,quantile,0.5,200.08092355368535
2026-03-18,ILI incidence,2026-03-15,1,PL,quantile,0.55,364.530750121852
2026-03-18,ILI incidence,2026-03-22,2,PL,quantile,0.55,306.8869629194327
2026-03-18,ILI incidence,2026-03-29,3,PL,quantile,0.55,251.78309997972846
2026-03-18,ILI incidence,2026-04-05,4,PL,quantile,0.55,202.93750987412284
2026-03-18,ILI incidence,2026-03-15,1,PL,quantile,0.6,368.0440630475434
2026-03-18,ILI incidence,2026-03-22,2,PL,quantile,0.6,309.95024337205507
2026-03-18,ILI incidence,2026-03-29,3,PL,quantile,0.6,255.24728616077786
2026-03-18,ILI incidence,2026-04-05,4,PL,quantile,0.6,205.82393047187597
2026-03-18,ILI incidence,2026-03-15,1,PL,quantile,0.65,371.12952657805795
2026-03-18,ILI incidence,2026-03-22,2,PL,quantile,0.65,313.32636710239063
2026-03-18,ILI incidence,2026-03-29,3,PL,quantile,0.65,257.9296006646757
2026-03-18,ILI incidence,2026-04-05,4,PL,quantile,0.65,208.39581910963466
2026-03-18,ILI incidence,2026-03-15,1,PL,quantile,0.7,374.47923657788124
2026-03-18,ILI incidence,2026-03-22,2,PL,quantile,0.7,316.1585134032072
2026-03-18,ILI incidence,2026-03-29,3,PL,quantile,0.7,261.1002376518067
2026-03-18,ILI incidence,2026-04-05,4,PL,quantile,0.7,212.00319320559734
2026-03-18,ILI incidence,2026-03-15,1,PL,quantile,0.75,376.6178507381409
2026-03-18,ILI incidence,2026-03-22,2,PL,quantile,0.75,319.0804005742844
2026-03-18,ILI incidence,2026-03-29,3,PL,quantile,0.75,264.2498549045825
2026-03-18,ILI incidence,2026-04-05,4,PL,quantile,0.75,215.34388541603428
2026-03-18,ILI incidence,2026-03-15,1,PL,quantile,0.8,379.5806630277098
2026-03-18,ILI incidence,2026-03-22,2,PL,quantile,0.8,321.0694740408557
2026-03-18,ILI incidence,2026-03-29,3,PL,quantile,0.8,266.8550940785307
2026-03-18,ILI incidence,2026-04-05,4,PL,quantile,0.8,219.0763996372854
2026-03-18,ILI incidence,2026-03-15,1,PL,quantile,0.85,382.4712819191701
2026-03-18,ILI incidence,2026-03-22,2,PL,quantile,0.85,324.0864580754706
2026-03-18,ILI incidence,2026-03-29,3,PL,quantile,0.85,270.49608629732757
2026-03-18,ILI incidence,2026-04-05,4,PL,quantile,0.85,223.3541231287688
2026-03-18,ILI incidence,2026-03-15,1,PL,quantile,0.9,387.09263545725014
2026-03-18,ILI incidence,2026-03-22,2,PL,quantile,0.9,327.6399838280047
2026-03-18,ILI incidence,2026-03-29,3,PL,quantile,0.9,274.96563355907267
2026-03-18,ILI incidence,2026-04-05,4,PL,quantile,0.9,228.12743924993745
2026-03-18,ILI incidence,2026-03-15,1,PL,quantile,0.95,392.301235298091
2026-03-18,ILI incidence,2026-03-22,2,PL,quantile,0.95,333.8736919953001
2026-03-18,ILI incidence,2026-03-29,3,PL,quantile,0.95,281.9756876162484
2026-03-18,ILI incidence,2026-04-05,4,PL,quantile,0.95,234.77219262205128
2026-03-18,ILI incidence,2026-03-15,1,PL,quantile,0.975,394.98180119548954
2026-03-18,ILI incidence,2026-03-22,2,PL,quantile,0.975,339.3932470390619
2026-03-18,ILI incidence,2026-03-29,3,PL,quantile,0.975,287.0778320715318
2026-03-18,ILI incidence,2026-04-05,4,PL,quantile,0.975,239.2523988541532
2026-03-18,ILI incidence,2026-03-15,1,PL,quantile,0.99,399.4064623907657
2026-03-18,ILI incidence,2026-03-22,2,PL,quantile,0.99,345.81301795675506
2026-03-18,ILI incidence,2026-03-29,3,PL,quantile,0.99,293.62215026723953
2026-03-18,ILI incidence,2026-04-05,4,PL,quantile,0.99,244.8023148720815
2026-03-18,ILI incidence,2026-03-15,1,PL,median,,361.4547643408017
2026-03-18,ILI incidence,2026-03-22,2,PL,median,,302.56775943078014
2026-03-18,ILI incidence,2026-03-29,3,PL,median,,248.14506546125722
2026-03-18,ILI incidence,2026-04-05,4,PL,median,,200.08092355368535
2026-03-18,ILI incidence,2026-03-15,1,RO,quantile,0.01,4.517070579503316
2026-03-18,ILI incidence,2026-03-22,2,RO,quantile,0.01,2.6460026230153666
2026-03-18,ILI incidence,2026-03-29,3,RO,quantile,0.01,1.5050885245765346
2026-03-18,ILI incidence,2026-04-05,4,RO,quantile,0.01,0.8261234789511224
2026-03-18,ILI incidence,2026-03-15,1,RO,quantile,0.025,4.550712355379532
2026-03-18,ILI incidence,2026-03-22,2,RO,quantile,0.025,2.67354600316586
2026-03-18,ILI incidence,2026-03-29,3,RO,quantile,0.025,1.5257780354733665
2026-03-18,ILI incidence,2026-04-05,4,RO,quantile,0.025,0.8395388222209236
2026-03-18,ILI incidence,2026-03-15,1,RO,quantile,0.05,4.594902798569891
2026-03-18,ILI incidence,2026-03-22,2,RO,quantile,0.05,2.7007381095282113
2026-03-18,ILI incidence,2026-03-29,3,RO,quantile,0.05,1.5428267994046605
2026-03-18,ILI incidence,2026-04-05,4,RO,quantile,0.05,0.8574675216042336
2026-03-18,ILI incidence,2026-03-15,1,RO,quantile,0.1,4.6524647641925
2026-03-18,ILI incidence,2026-03-22,2,RO,quantile,0.1,2.753200341656671
2026-03-18,ILI incidence,2026-03-29,3,RO,quantile,0.1,1.5765945767397445
2026-03-18,ILI incidence,2026-04-05,4,RO,quantile,0.1,0.8798177625264738
2026-03-18,ILI incidence,2026-03-15,1,RO,quantile,0.15,4.697347170182758
2026-03-18,ILI incidence,2026-03-22,2,RO,quantile,0.15,2.788027090381995
2026-03-18,ILI incidence,2026-03-29,3,RO,quantile,0.15,1.607470513817456
2026-03-18,ILI incidence,2026-04-05,4,RO,quantile,0.15,0.8993745535875407
2026-03-18,ILI incidence,2026-03-15,1,RO,quantile,0.2,4.7330409387812855
2026-03-18,ILI incidence,2026-03-22,2,RO,quantile,0.2,2.8157304523395124
2026-03-18,ILI incidence,2026-03-29,3,RO,quantile,0.2,1.629079252756271
2026-03-18,ILI incidence,2026-04-05,4,RO,quantile,0.2,0.9148506201323796
2026-03-18,ILI incidence,2026-03-15,1,RO,quantile,0.25,4.763745198932204
2026-03-18,ILI incidence,2026-03-22,2,RO,quantile,0.25,2.839876817090182
2026-03-18,ILI incidence,2026-03-29,3,RO,quantile,0.25,1.647765140768222
2026-03-18,ILI incidence,2026-04-05,4,RO,quantile,0.25,0.925062207056901
2026-03-18,ILI incidence,2026-03-15,1,RO,quantile,0.3,4.791201154123822
2026-03-18,ILI incidence,2026-03-22,2,RO,quantile,0.3,2.8618008471895195
2026-03-18,ILI incidence,2026-03-29,3,RO,quantile,0.3,1.6619182274818316
2026-03-18,ILI incidence,2026-04-05,4,RO,quantile,0.3,0.937509077367131
2026-03-18,ILI incidence,2026-03-15,1,RO,quantile,0.35,4.820847782987804
2026-03-18,ILI incidence,2026-03-22,2,RO,quantile,0.35,2.88880123820161
2026-03-18,ILI incidence,2026-03-29,3,RO,quantile,0.35,1.6793427943289276
2026-03-18,ILI incidence,2026-04-05,4,RO,quantile,0.35,0.9512022218478696
2026-03-18,ILI incidence,2026-03-15,1,RO,quantile,0.4,4.848589942648517
2026-03-18,ILI incidence,2026-03-22,2,RO,quantile,0.4,2.910417199669735
2026-03-18,ILI incidence,2026-03-29,3,RO,quantile,0.4,1.6937810697355034
2026-03-18,ILI incidence,2026-04-05,4,RO,quantile,0.4,0.9628785390952289
2026-03-18,ILI incidence,2026-03-15,1,RO,quantile,0.45,4.882250074222793
2026-03-18,ILI incidence,2026-03-22,2,RO,quantile,0.45,2.9313852422184143
2026-03-18,ILI incidence,2026-03-29,3,RO,quantile,0.45,1.712086108192448
2026-03-18,ILI incidence,2026-04-05,4,RO,quantile,0.45,0.9745847922774267
2026-03-18,ILI incidence,2026-03-15,1,RO,quantile,0.5,4.907453339962137
2026-03-18,ILI incidence,2026-03-22,2,RO,quantile,0.5,2.9570604066077877
2026-03-18,ILI incidence,2026-03-29,3,RO,quantile,0.5,1.7308979409964191
2026-03-18,ILI incidence,2026-04-05,4,RO,quantile,0.5,0.9842138458627538
2026-03-18,ILI incidence,2026-03-15,1,RO,quantile,0.55,4.9464665268297345
2026-03-18,ILI incidence,2026-03-22,2,RO,quantile,0.55,2.982374487784073
2026-03-18,ILI incidence,2026-03-29,3,RO,quantile,0.55,1.7448542373737954
2026-03-18,ILI incidence,2026-04-05,4,RO,quantile,0.55,0.9956070618704489
2026-03-18,ILI incidence,2026-03-15,1,RO,quantile,0.6,4.978841613723108
2026-03-18,ILI incidence,2026-03-22,2,RO,quantile,0.6,3.0067283786893513
2026-03-18,ILI incidence,2026-03-29,3,RO,quantile,0.6,1.7649433182019305
2026-03-18,ILI incidence,2026-04-05,4,RO,quantile,0.6,1.0082888851559622
2026-03-18,ILI incidence,2026-03-15,1,RO,quantile,0.65,5.0215040143801355
2026-03-18,ILI incidence,2026-03-22,2,RO,quantile,0.65,3.0369953720370986
2026-03-18,ILI incidence,2026-03-29,3,RO,quantile,0.65,1.7878366279500522
2026-03-18,ILI incidence,2026-04-05,4,RO,quantile,0.65,1.0231150415728167
2026-03-18,ILI incidence,2026-03-15,1,RO,quantile,0.7,5.0704797282050675
2026-03-18,ILI incidence,2026-03-22,2,RO,quantile,0.7,3.0798790642937544
2026-03-18,ILI incidence,2026-03-29,3,RO,quantile,0.7,1.812444004352378
2026-03-18,ILI incidence,2026-04-05,4,RO,quantile,0.7,1.0393095962146786
2026-03-18,ILI incidence,2026-03-15,1,RO,quantile,0.75,5.129919888180103
2026-03-18,ILI incidence,2026-03-22,2,RO,quantile,0.75,3.116275274885427
2026-03-18,ILI incidence,2026-03-29,3,RO,quantile,0.75,1.8409744425465484
2026-03-18,ILI incidence,2026-04-05,4,RO,quantile,0.75,1.0606556186216578
2026-03-18,ILI incidence,2026-03-15,1,RO,quantile,0.8,5.181954996709473
2026-03-18,ILI incidence,2026-03-22,2,RO,quantile,0.8,3.160665253574079
2026-03-18,ILI incidence,2026-03-29,3,RO,quantile,0.8,1.8689305890058618
2026-03-18,ILI incidence,2026-04-05,4,RO,quantile,0.8,1.080046000689011
2026-03-18,ILI incidence,2026-03-15,1,RO,quantile,0.85,5.243491346534755
2026-03-18,ILI incidence,2026-03-22,2,RO,quantile,0.85,3.200010134154599
2026-03-18,ILI incidence,2026-03-29,3,RO,quantile,0.85,1.9020010218069379
2026-03-18,ILI incidence,2026-04-05,4,RO,quantile,0.85,1.0971789592823453
2026-03-18,ILI incidence,2026-03-15,1,RO,quantile,0.9,5.3117782934500095
2026-03-18,ILI incidence,2026-03-22,2,RO,quantile,0.9,3.255652916499346
2026-03-18,ILI incidence,2026-03-29,3,RO,quantile,0.9,1.940823601681242
2026-03-18,ILI incidence,2026-04-05,4,RO,quantile,0.9,1.1299218920225165
2026-03-18,ILI incidence,2026-03-15,1,RO,quantile,0.95,5.4224165009966026
2026-03-18,ILI incidence,2026-03-22,2,RO,quantile,0.95,3.3515050677529006
2026-03-18,ILI incidence,2026-03-29,3,RO,quantile,0.95,2.0149277439084297
2026-03-18,ILI incidence,2026-04-05,4,RO,quantile,0.95,1.181460919520722
2026-03-18,ILI incidence,2026-03-15,1,RO,quantile,0.975,5.556510742703304
2026-03-18,ILI incidence,2026-03-22,2,RO,quantile,0.975,3.4526980519615096
2026-03-18,ILI incidence,2026-03-29,3,RO,quantile,0.975,2.0878908967530005
2026-03-18,ILI incidence,2026-04-05,4,RO,quantile,0.975,1.2262043975333832
2026-03-18,ILI incidence,2026-03-15,1,RO,quantile,0.99,5.697695958926512
2026-03-18,ILI incidence,2026-03-22,2,RO,quantile,0.99,3.543391400014467
2026-03-18,ILI incidence,2026-03-29,3,RO,quantile,0.99,2.1497244663720614
2026-03-18,ILI incidence,2026-04-05,4,RO,quantile,0.99,1.2694588044334931
2026-03-18,ILI incidence,2026-03-15,1,RO,median,,4.907453339962137
2026-03-18,ILI incidence,2026-03-22,2,RO,median,,2.9570604066077877
2026-03-18,ILI incidence,2026-03-29,3,RO,median,,1.7308979409964191
2026-03-18,ILI incidence,2026-04-05,4,RO,median,,0.9842138458627538
