target,location,target_end_date,horizon,output_type,output_type_id,value,origin_date
ILI incidence,BE,2026-03-15,1,quantile,0.01,48.11154170800019,2026-03-18
ILI incidence,BE,2026-03-22,2,quantile,0.01,0.0,2026-03-18
ILI incidence,BE,2026-03-29,3,quantile,0.01,0.0,2026-03-18
ILI incidence,BE,2026-04-05,4,quantile,0.01,0.0,2026-03-18
ILI incidence,BE,2026-03-15,1,quantile,0.025,65.96320619130772,2026-03-18
ILI incidence,BE,2026-03-22,2,quantile,0.025,0.0,2026-03-18
ILI incidence,BE,2026-03-29,3,quantile,0.025,0.0,2026-03-18
ILI incidence,BE,2026-04-05,4,quantile,0.025,0.0,2026-03-18
ILI incidence,BE,2026-03-15,1,quantile,0.05,81.01630635407655,2026-03-18
ILI incidence,BE,2026-03-22,2,quantile,0.05,0.0,2026-03-18
ILI incidence,BE,2026-03-29,3,quantile,0.05,0.0,2026-03-18
ILI incidence,BE,2026-04-05,4,quantile,0.05,0.0,2026-03-18
ILI incidence,BE,2026-03-15,1,quantile,0.1,142.77396668585487,2026-03-18
ILI incidence,BE,2026-03-22,2,quantile,0.1,0.0,2026-03-18
ILI incidence,BE,2026-03-29,3,quantile,0.1,0.0,2026-03-18
ILI incidence,BE,2026-04-05,4,quantile,0.1,88.32954746462718,2026-03-18
ILI incidence,BE,2026-03-15,1,quantile,0.15,174.79162920820437,2026-03-18
ILI incidence,BE,2026-03-22,2,quantile,0.15,28.53583103511752,2026-03-18
ILI incidence,BE,2026-03-29,3,quantile,0.15,0.0,2026-03-18
ILI incidence,BE,2026-04-05,4,quantile,0.15,132.43177635189738,2026-03-18
ILI incidence,BE,2026-03-15,1,quantile,0.2,214.7490593886009,2026-03-18
ILI incidence,BE,2026-03-22,2,quantile,0.2,54.36266698032662,2026-03-18
ILI incidence,BE,2026-03-29,3,quantile,0.2,0.0,2026-03-18
ILI incidence,BE,2026-04-05,4,quantile,0.2,140.51709351163694,2026-03-18
ILI incidence,BE,2026-03-15,1,quantile,0.25,240.50576117058804,2026-03-18
ILI incidence,BE,2026-03-22,2,quantile,0.25,81.47040486975993,2026-03-18
ILI incidence,BE,2026-03-29,3,quantile,0.25,7.223819386481522,2026-03-18
ILI incidence,BE,2026-04-05,4,quantile,0.25,149.9391972583857,2026-03-18
ILI incidence,BE,2026-03-15,1,quantile,0.3,283.01572305413845,2026-03-18
ILI incidence,BE,2026-03-22,2,quantile,0.3,96.9541602934966,2026-03-18
ILI incidence,BE,2026-03-29,3,quantile,0.3,18.10736273750298,2026-03-18
ILI incidence,BE,2026-04-05,4,quantile,0.3,172.3812885334097,2026-03-18
ILI incidence,BE,2026-03-15,1,quantile,0.35,306.5266543659436,2026-03-18
ILI incidence,BE,2026-03-22,2,quantile,0.35,114.39871395382671,2026-03-18
ILI incidence,BE,2026-03-29,3,quantile,0.35,23.739761315711522,2026-03-18
ILI incidence,BE,2026-04-05,4,quantile,0.35,189.90425066146844,2026-03-18
ILI incidence,BE,2026-03-15,1,quantile,0.4,324.27210864710884,2026-03-18
ILI incidence,BE,2026-03-22,2,quantile,0.4,135.016117635963,2026-03-18
ILI incidence,BE,2026-03-29,3,quantile,0.4,51.31972004461778,2026-03-18
ILI incidence,BE,2026-04-05,4,quantile,0.4,199.84547253556448,2026-03-18
ILI incidence,BE,2026-03-15,1,quantile,0.45,338.1979689299368,2026-03-18
ILI incidence,BE,2026-03-22,2,quantile,0.45,151.9295045334953,2026-03-18
ILI incidence,BE,2026-03-29,3,quantile,0.45,83.30033258845774,2026-03-18
ILI incidence,BE,2026-04-05,4,quantile,0.45,213.78266441792454,2026-03-18
ILI incidence,BE,2026-03-15,1,quantile,0.5,352.1433901754562,2026-03-18
ILI incidence,BE,2026-03-22,2,quantile,0.5,167.30173899251537,2026-03-18
ILI incidence,BE,2026-03-29,3,quantile,0.5,110.3627951029927,2026-03-18
ILI incidence,BE,2026-04-05,4,quantile,0.5,229.6678730988854,2026-03-18
ILI incidence,BE,2026-03-15,1,quantile,0.55,366.71248658072307,2026-03-18
ILI incidence,BE,2026-03-22,2,quantile,0.55,174.3112995029619,2026-03-18
ILI incidence,BE,2026-03-29,3,quantile,0.55,122.39482121164976,2026-03-18
ILI incidence,BE,2026-04-05,4,quantile,0.55,242.0732048695153,2026-03-18
ILI incidence,BE,2026-03-15,1,quantile,0.6,391.7663808962998,2026-03-18
ILI incidence,BE,2026-03-22,2,quantile,0.6,181.25105446411538,2026-03-18
ILI incidence,BE,2026-03-29,3,quantile,0.6,141.90215424036495,2026-03-18
ILI incidence,BE,2026-04-05,4,quantile,0.6,244.25738846935027,2026-03-18
ILI incidence,BE,2026-03-15,1,quantile,0.65,411.3620913569288,2026-03-18
ILI incidence,BE,2026-03-22,2,quantile,0.65,197.4157300512372,2026-03-18
ILI incidence,BE,2026-03-29,3,quantile,0.65,153.09212721491508,2026-03-18
ILI incidence,BE,2026-04-05,4,quantile,0.65,253.59295976455203,2026-03-18
ILI incidence,BE,2026-03-15,1,quantile,0.7,434.51371038249897,2026-03-18
ILI incidence,BE,2026-03-22,2,quantile,0.7,210.72871141650063,2026-03-18
ILI incidence,BE,2026-03-29,3,quantile,0.7,157.8591094169223,2026-03-18
ILI incidence,BE,2026-04-05,4,quantile,0.7,262.391761198393,2026-03-18
ILI incidence,BE,2026-03-15,1,quantile,0.75,461.3195664208111,2026-03-18
ILI incidence,BE,2026-03-22,2,quantile,0.75,224.0762798716605,2026-03-18
ILI incidence,BE,2026-03-29,3,quantile,0.75,165.63841611055653,2026-03-18
ILI incidence,BE,2026-04-05,4,quantile,0.75,270.7013191631408,2026-03-18
ILI incidence,BE,2026-03-15,1,quantile,0.8,482.3389883504921,2026-03-18
ILI incidence,BE,2026-03-22,2,quantile,0.8,251.78958197655237,2026-03-18
ILI incidence,BE,2026-03-29,3,quantile,0.8,186.7536314535534,2026-03-18
ILI incidence,BE,2026-04-05,4,quantile,0.8,275.54355090072534,2026-03-18
ILI incidence,BE,2026-03-15,1,quantile,0.85,497.5523305444896,2026-03-18
ILI incidence,BE,2026-03-22,2,quantile,0.85,286.6464077353804,2026-03-18
ILI incidence,BE,2026-03-29,3,quantile,0.85,209.07989868536907,2026-03-18
ILI incidence,BE,2026-04-05,4,quantile,0.85,286.863524392442,2026-03-18
ILI incidence,BE,2026-03-15,1,quantile,0.9,519.0898389949002,2026-03-18
ILI incidence,BE,2026-03-22,2,quantile,0.9,308.75777240131765,2026-03-18
ILI incidence,BE,2026-03-29,3,quantile,0.9,232.04334196275167,2026-03-18
ILI incidence,BE,2026-04-05,4,quantile,0.9,298.6831096643153,2026-03-18
ILI incidence,BE,2026-03-15,1,quantile,0.95,555.6481391972138,2026-03-18
ILI incidence,BE,2026-03-22,2,quantile,0.95,337.99091763685107,2026-03-18
ILI incidence,BE,2026-03-29,3,quantile,0.95,253.7372698361705,2026-03-18
ILI incidence,BE,2026-04-05,4,quantile,0.95,319.39414091257544,2026-03-18
ILI incidence,BE,2026-03-15,1,quantile,0.975,596.2767849738408,2026-03-18
ILI incidence,BE,2026-03-22,2,quantile,0.975,351.42186737071813,2026-03-18
ILI incidence,BE,2026-03-29,3,quantile,0.975,285.8809364825655,2026-03-18
ILI incidence,BE,2026-04-05,4,quantile,0.975,319.6217837676728,2026-03-18
ILI incidence,BE,2026-03-15,1,quantile,0.99,639.06924180371,2026-03-18
ILI incidence,BE,2026-03-22,2,quantile,0.99,358.4994004604686,2026-03-18
ILI incidence,BE,2026-03-29,3,quantile,0.99,316.5809547018835,2026-03-18
ILI incidence,BE,2026-04-05,4,quantile,0.99,319.73853126445704,2026-03-18
ILI incidence,BE,2026-03-15,1,median,,352.1433901754562,2026-03-18
ILI incidence,BE,2026-03-22,2,median,,167.30173899251537,2026-03-18
ILI incidence,BE,2026-03-29,3,median,,110.3627951029927,2026-03-18
ILI incidence,BE,2026-04-05,4,median,,229.6678730988854,2026-03-18
ILI incidence,GR,2026-03-15,1,quantile,0.01,207.1702251262213,2026-03-18
ILI incidence,GR,2026-03-22,2,quantile,0.01,0.0,2026-03-18
ILI incidence,GR,2026-03-29,3,quantile,0.01,350.6842214654364,2026-03-18
ILI incidence,GR,2026-04-05,4,quantile,0.01,241.62859389354935,2026-03-18
ILI incidence,GR,2026-03-15,1,quantile,0.025,372.6703224343536,2026-03-18
ILI incidence,GR,2026-03-22,2,quantile,0.025,473.91467551270694,2026-03-18
ILI incidence,GR,2026-03-29,3,quantile,0.025,388.1668497721803,2026-03-18
ILI incidence,GR,2026-04-05,4,quantile,0.025,269.133774708344,2026-03-18
ILI incidence,GR,2026-03-15,1,quantile,0.05,488.0165968761381,2026-03-18
ILI incidence,GR,2026-03-22,2,quantile,0.05,522.6223774903272,2026-03-18
ILI incidence,GR,2026-03-29,3,quantile,0.05,446.11333978365707,2026-03-18
ILI incidence,GR,2026-04-05,4,quantile,0.05,335.2481380762524,2026-03-18
ILI incidence,GR,2026-03-15,1,quantile,0.1,524.4740460702061,2026-03-18
ILI incidence,GR,2026-03-22,2,quantile,0.1,626.7491471350112,2026-03-18
ILI incidence,GR,2026-03-29,3,quantile,0.1,530.5620713758208,2026-03-18
ILI incidence,GR,2026-04-05,4,quantile,0.1,389.7958449215275,2026-03-18
ILI incidence,GR,2026-03-15,1,quantile,0.15,532.9216040827898,2026-03-18
ILI incidence,GR,2026-03-22,2,quantile,0.15,644.9788997102866,2026-03-18
ILI incidence,GR,2026-03-29,3,quantile,0.15,611.8942343834915,2026-03-18
ILI incidence,GR,2026-04-05,4,quantile,0.15,439.1851284453225,2026-03-18
ILI incidence,GR,2026-03-15,1,quantile,0.2,561.6849181034858,2026-03-18
ILI incidence,GR,2026-03-22,2,quantile,0.2,695.4380032925897,2026-03-18
ILI incidence,GR,2026-03-29,3,quantile,0.2,648.8743441939015,2026-03-18
ILI incidence,GR,2026-04-05,4,quantile,0.2,483.42910045767155,2026-03-18
ILI incidence,GR,2026-03-15,1,quantile,0.25,610.7108233014923,2026-03-18
ILI incidence,GR,2026-03-22,2,quantile,0.25,726.5659939181671,2026-03-18
ILI incidence,GR,2026-03-29,3,quantile,0.25,681.6419900937578,2026-03-18
ILI incidence,GR,2026-04-05,4,quantile,0.25,529.5180795357959,2026-03-18
ILI incidence,GR,2026-03-15,1,quantile,0.3,671.9740353964796,2026-03-18
ILI incidence,GR,2026-03-22,2,quantile,0.3,772.1749959389964,2026-03-18
ILI incidence,GR,2026-03-29,3,quantile,0.3,697.4372084356305,2026-03-18
ILI incidence,GR,2026-04-05,4,quantile,0.3,598.9865211609327,2026-03-18
ILI incidence,GR,2026-03-15,1,quantile,0.35,719.8618206260447,2026-03-18
ILI incidence,GR,2026-03-22,2,quantile,0.35,792.4211302600371,2026-03-18
ILI incidence,GR,2026-03-29,3,quantile,0.35,709.8752103277942,2026-03-18
ILI incidence,GR,2026-04-05,4,quantile,0.35,628.0880744670569,2026-03-18
ILI incidence,GR,2026-03-15,1,quantile,0.4,757.4387120153743,2026-03-18
ILI incidence,GR,2026-03-22,2,quantile,0.4,828.2128561185784,2026-03-18
ILI incidence,GR,2026-03-29,3,quantile,0.4,725.0449256816555,2026-03-18
ILI incidence,GR,2026-04-05,4,quantile,0.4,654.0189182469134,2026-03-18
ILI incidence,GR,2026-03-15,1,quantile,0.45,776.5472475305136,2026-03-18
ILI incidence,GR,2026-03-22,2,quantile,0.45,878.150002398555,2026-03-18
ILI incidence,GR,2026-03-29,3,quantile,0.45,737.3141272950329,2026-03-18
ILI incidence,GR,2026-04-05,4,quantile,0.45,671.6186189869189,2026-03-18
ILI incidence,GR,2026-03-15,1,quantile,0.5,784.5579734928149,2026-03-18
ILI incidence,GR,2026-03-22,2,quantile,0.5,884.678056244238,2026-03-18
ILI incidence,GR,2026-03-29,3,quantile,0.5,755.3128542126549,2026-03-18
ILI incidence,GR,2026-04-05,4,quantile,0.5,687.6804469585093,2026-03-18
ILI incidence,GR,2026-03-15,1,quantile,0.55,793.2291808614963,2026-03-18
ILI incidence,GR,2026-03-22,2,quantile,0.55,917.3648800904157,2026-03-18
ILI incidence,GR,2026-03-29,3,quantile,0.55,772.9650185736069,2026-03-18
ILI incidence,GR,2026-04-05,4,quantile,0.55,705.4904518878421,2026-03-18
ILI incidence,GR,2026-03-15,1,quantile,0.6,815.4259741417361,2026-03-18
ILI incidence,GR,2026-03-22,2,quantile,0.6,932.9561194051361,2026-03-18
ILI incidence,GR,2026-03-29,3,quantile,0.6,782.1972059184662,2026-03-18
ILI incidence,GR,2026-04-05,4,quantile,0.6,728.4978688598159,2026-03-18
ILI incidence,GR,2026-03-15,1,quantile,0.65,836.7261983082551,2026-03-18
ILI incidence,GR,2026-03-22,2,quantile,0.65,946.3941821601803,2026-03-18
ILI incidence,GR,2026-03-29,3,quantile,0.65,810.6310530325608,2026-03-18
ILI incidence,GR,2026-04-05,4,quantile,0.65,780.391318518823,2026-03-18
ILI incidence,GR,2026-03-15,1,quantile,0.7,861.3420838258036,2026-03-18
ILI incidence,GR,2026-03-22,2,quantile,0.7,961.4934605009319,2026-03-18
ILI incidence,GR,2026-03-29,3,quantile,0.7,820.2090209562264,2026-03-18
ILI incidence,GR,2026-04-05,4,quantile,0.7,817.6652457327272,2026-03-18
ILI incidence,GR,2026-03-15,1,quantile,0.75,891.5895590763434,2026-03-18
ILI incidence,GR,2026-03-22,2,quantile,0.75,978.7344459840733,2026-03-18
ILI incidence,GR,2026-03-29,3,quantile,0.75,856.5132072166471,2026-03-18
ILI incidence,GR,2026-04-05,4,quantile,0.75,853.9036812921756,2026-03-18
ILI incidence,GR,2026-03-15,1,quantile,0.8,922.6906534923892,2026-03-18
ILI incidence,GR,2026-03-22,2,quantile,0.8,999.7661914083131,2026-03-18
ILI incidence,GR,2026-03-29,3,quantile,0.8,906.55886510096,2026-03-18
ILI incidence,GR,2026-04-05,4,quantile,0.8,920.8831390315394,2026-03-18
ILI incidence,GR,2026-03-15,1,quantile,0.85,959.9860880554461,2026-03-18
ILI incidence,GR,2026-03-22,2,quantile,0.85,1014.0799399420615,2026-03-18
ILI incidence,GR,2026-03-29,3,quantile,0.85,956.3887484280647,2026-03-18
ILI incidence,GR,2026-04-05,4,quantile,0.85,1002.2589421664343,2026-03-18
ILI incidence,GR,2026-03-15,1,quantile,0.9,999.9185355092226,2026-03-18
ILI incidence,GR,2026-03-22,2,quantile,0.9,1034.4275826326907,2026-03-18
ILI incidence,GR,2026-03-29,3,quantile,0.9,1021.8983209426087,2026-03-18
ILI incidence,GR,2026-04-05,4,quantile,0.9,1050.0857770887094,2026-03-18
ILI incidence,GR,2026-03-15,1,quantile,0.95,1089.60919566541,2026-03-18
ILI incidence,GR,2026-03-22,2,quantile,0.95,1071.6719517079625,2026-03-18
ILI incidence,GR,2026-03-29,3,quantile,0.95,1160.6412646099252,2026-03-18
ILI incidence,GR,2026-04-05,4,quantile,0.95,1131.9688178785411,2026-03-18
ILI incidence,GR,2026-03-15,1,quantile,0.975,1142.0903032056285,2026-03-18
ILI incidence,GR,2026-03-22,2,quantile,0.975,1143.94577304852,2026-03-18
ILI incidence,GR,2026-03-29,3,quantile,0.975,1217.1715344683769,2026-03-18
ILI incidence,GR,2026-04-05,4,quantile,0.975,1159.3601280154594,2026-03-18
ILI incidence,GR,2026-03-15,1,quantile,0.99,1220.8157630252713,2026-03-18
ILI incidence,GR,2026-03-22,2,quantile,0.99,1190.0821139562156,2026-03-18
ILI incidence,GR,2026-03-29,3,quantile,0.99,1285.331944795741,2026-03-18
ILI incidence,GR,2026-04-05,4,quantile,0.99,1178.342724562808,2026-03-18
ILI incidence,GR,2026-03-15,1,median,,784.5579734928149,2026-03-18
ILI incidence,GR,2026-03-22,2,median,,884.678056244238,2026-03-18
ILI incidence,GR,2026-03-29,3,median,,755.3128542126549,2026-03-18
ILI incidence,GR,2026-04-05,4,median,,687.6804469585093,2026-03-18
ILI incidence,IS,2026-03-15,1,quantile,0.01,0.5814357131300317,2026-03-18
ILI incidence,IS,2026-03-22,2,quantile,0.01,0.0,2026-03-18
ILI incidence,IS,2026-03-29,3,quantile,0.01,0.0,2026-03-18
ILI incidence,IS,2026-04-05,4,quantile,0.01,0.0,2026-03-18
ILI incidence,IS,2026-03-15,1,quantile,0.025,1.7758256950408746,2026-03-18
ILI incidence,IS,2026-03-22,2,quantile,0.025,0.0,2026-03-18
ILI incidence,IS,2026-03-29,3,quantile,0.025,0.0,2026-03-18
ILI incidence,IS,2026-04-05,4,quantile,0.025,0.0,2026-03-18
ILI incidence,IS,2026-03-15,1,quantile,0.05,4.221475825557907,2026-03-18
ILI incidence,IS,2026-03-22,2,quantile,0.05,0.0,2026-03-18
ILI incidence,IS,2026-03-29,3,quantile,0.05,0.0,2026-03-18
ILI incidence,IS,2026-04-05,4,quantile,0.05,0.0,2026-03-18
ILI incidence,IS,2026-03-15,1,quantile,0.1,5.072547053149173,2026-03-18
ILI incidence,IS,2026-03-22,2,quantile,0.1,0.0,2026-03-18
ILI incidence,IS,2026-03-29,3,quantile,0.1,0.9323039904773577,2026-03-18
ILI incidence,IS,2026-04-05,4,quantile,0.1,0.0,2026-03-18
ILI incidence,IS,2026-03-15,1,quantile,0.15,5.6651772369789155,2026-03-18
ILI incidence,IS,2026-03-22,2,quantile,0.15,1.0520646658908568,2026-03-18
ILI incidence,IS,2026-03-29,3,quantile,0.15,2.542917379791722,2026-03-18
ILI incidence,IS,2026-04-05,4,quantile,0.15,0.0,2026-03-18
ILI incidence,IS,2026-03-15,1,quantile,0.2,7.468389496422336,2026-03-18
ILI incidence,IS,2026-03-22,2,quantile,0.2,1.8776424584134535,2026-03-18
ILI incidence,IS,2026-03-29,3,quantile,0.2,3.604113906038189,2026-03-18
ILI incidence,IS,2026-04-05,4,quantile,0.2,0.0,2026-03-18
ILI incidence,IS,2026-03-15,1,quantile,0.25,8.617104385256697,2026-03-18
ILI incidence,IS,2026-03-22,2,quantile,0.25,2.3258245299158355,2026-03-18
ILI incidence,IS,2026-03-29,3,quantile,0.25,4.727864723114762,2026-03-18
ILI incidence,IS,2026-04-05,4,quantile,0.25,0.0,2026-03-18
ILI incidence,IS,2026-03-15,1,quantile,0.3,9.767373970947359,2026-03-18
ILI incidence,IS,2026-03-22,2,quantile,0.3,3.1924274560884403,2026-03-18
ILI incidence,IS,2026-03-29,3,quantile,0.3,5.7239421134040915,2026-03-18
ILI incidence,IS,2026-04-05,4,quantile,0.3,0.0,2026-03-18
ILI incidence,IS,2026-03-15,1,quantile,0.35,10.862552039997459,2026-03-18
ILI incidence,IS,2026-03-22,2,quantile,0.35,4.88537852661402,2026-03-18
ILI incidence,IS,2026-03-29,3,quantile,0.35,7.163632260958968,2026-03-18
ILI incidence,IS,2026-04-05,4,quantile,0.35,0.0,2026-03-18
ILI incidence,IS,2026-03-15,1,quantile,0.4,11.195888207758205,2026-03-18
ILI incidence,IS,2026-03-22,2,quantile,0.4,5.178792467135025,2026-03-18
ILI incidence,IS,2026-03-29,3,quantile,0.4,8.097338845592075,2026-03-18
ILI incidence,IS,2026-04-05,4,quantile,0.4,0.6563500266164536,2026-03-18
ILI incidence,IS,2026-03-15,1,quantile,0.45,11.81891757697194,2026-03-18
ILI incidence,IS,2026-03-22,2,quantile,0.45,5.836545922507194,2026-03-18
ILI incidence,IS,2026-03-29,3,quantile,0.45,8.836141450192066,2026-03-18
ILI incidence,IS,2026-04-05,4,quantile,0.45,1.468334812248124,2026-03-18
ILI incidence,IS,2026-03-15,1,quantile,0.5,12.453671711522885,2026-03-18
ILI incidence,IS,2026-03-22,2,quantile,0.5,6.491838749110926,2026-03-18
ILI incidence,IS,2026-03-29,3,quantile,0.5,9.390633283027034,2026-03-18
ILI incidence,IS,2026-04-05,4,quantile,0.5,2.225461225495256,2026-03-18
ILI incidence,IS,2026-03-15,1,quantile,0.55,13.366709751887178,2026-03-18
ILI incidence,IS,2026-03-22,2,quantile,0.55,6.984703202680782,2026-03-18
ILI incidence,IS,2026-03-29,3,quantile,0.55,9.874739314369535,2026-03-18
ILI incidence,IS,2026-04-05,4,quantile,0.55,2.937684441886977,2026-03-18
ILI incidence,IS,2026-03-15,1,quantile,0.6,14.165460947251448,2026-03-18
ILI incidence,IS,2026-03-22,2,quantile,0.6,7.5231925722508945,2026-03-18
ILI incidence,IS,2026-03-29,3,quantile,0.6,10.429641410551866,2026-03-18
ILI incidence,IS,2026-04-05,4,quantile,0.6,3.7061499829970566,2026-03-18
ILI incidence,IS,2026-03-15,1,quantile,0.65,15.178720024663575,2026-03-18
ILI incidence,IS,2026-03-22,2,quantile,0.65,7.849863911946783,2026-03-18
ILI incidence,IS,2026-03-29,3,quantile,0.65,11.33322372252236,2026-03-18
ILI incidence,IS,2026-04-05,4,quantile,0.65,4.692731086850399,2026-03-18
ILI incidence,IS,2026-03-15,1,quantile,0.7,16.21239764360068,2026-03-18
ILI incidence,IS,2026-03-22,2,quantile,0.7,8.20192178753672,2026-03-18
ILI incidence,IS,2026-03-29,3,quantile,0.7,12.731570002532054,2026-03-18
ILI incidence,IS,2026-04-05,4,quantile,0.7,5.486094037490004,2026-03-18
ILI incidence,IS,2026-03-15,1,quantile,0.75,17.11519995870375,2026-03-18
ILI incidence,IS,2026-03-22,2,quantile,0.75,8.57133255061971,2026-03-18
ILI incidence,IS,2026-03-29,3,quantile,0.75,13.799592685541242,2026-03-18
ILI incidence,IS,2026-04-05,4,quantile,0.75,6.139249921496297,2026-03-18
ILI incidence,IS,2026-03-15,1,quantile,0.8,18.24122134981376,2026-03-18
ILI incidence,IS,2026-03-22,2,quantile,0.8,9.032334093638909,2026-03-18
ILI incidence,IS,2026-03-29,3,quantile,0.8,14.701042372375737,2026-03-18
ILI incidence,IS,2026-04-05,4,quantile,0.8,6.675245975169387,2026-03-18
ILI incidence,IS,2026-03-15,1,quantile,0.85,19.28755172029426,2026-03-18
ILI incidence,IS,2026-03-22,2,quantile,0.85,9.705102077141511,2026-03-18
ILI incidence,IS,2026-03-29,3,quantile,0.85,15.320022115952622,2026-03-18
ILI incidence,IS,2026-04-05,4,quantile,0.85,7.425614450837649,2026-03-18
ILI incidence,IS,2026-03-15,1,quantile,0.9,20.43266998700738,2026-03-18
ILI incidence,IS,2026-03-22,2,quantile,0.9,10.564371596749625,2026-03-18
ILI incidence,IS,2026-03-29,3,quantile,0.9,17.377859651581904,2026-03-18
ILI incidence,IS,2026-04-05,4,quantile,0.9,7.858346210947801,2026-03-18
ILI incidence,IS,2026-03-15,1,quantile,0.95,22.401298170599098,2026-03-18
ILI incidence,IS,2026-03-22,2,quantile,0.95,11.86503050031839,2026-03-18
ILI incidence,IS,2026-03-29,3,quantile,0.95,21.997940269451085,2026-03-18
ILI incidence,IS,2026-04-05,4,quantile,0.95,8.587125725031294,2026-03-18
ILI incidence,IS,2026-03-15,1,quantile,0.975,23.78025923757129,2026-03-18
ILI incidence,IS,2026-03-22,2,quantile,0.975,12.415785356457727,2026-03-18
ILI incidence,IS,2026-03-29,3,quantile,0.975,24.777728479014648,2026-03-18
ILI incidence,IS,2026-04-05,4,quantile,0.975,8.988115190010378,2026-03-18
ILI incidence,IS,2026-03-15,1,quantile,0.99,25.650420726927475,2026-03-18
ILI incidence,IS,2026-03-22,2,quantile,0.99,13.925628455360528,2026-03-18
ILI incidence,IS,2026-03-29,3,quantile,0.99,26.829677242356244,2026-03-18
ILI incidence,IS,2026-04-05,4,quantile,0.99,10.274968859170535,2026-03-18
ILI incidence,IS,2026-03-15,1,median,,12.453671711522885,2026-03-18
ILI incidence,IS,2026-03-22,2,median,,6.491838749110926,2026-03-18
ILI incidence,IS,2026-03-29,3,median,,9.390633283027034,2026-03-18
ILI incidence,IS,2026-04-05,4,median,,2.225461225495256,2026-03-18
ILI incidence,IE,2026-03-15,1,quantile,0.01,0.0,2026-03-18
ILI incidence,IE,2026-03-22,2,quantile,0.01,0.0,2026-03-18
ILI incidence,IE,2026-03-29,3,quantile,0.01,0.0,2026-03-18
ILI incidence,IE,2026-04-05,4,quantile,0.01,0.0,2026-03-18
ILI incidence,IE,2026-03-15,1,quantile,0.025,0.0,2026-03-18
ILI incidence,IE,2026-03-22,2,quantile,0.025,0.0,2026-03-18
ILI incidence,IE,2026-03-29,3,quantile,0.025,0.0,2026-03-18
ILI incidence,IE,2026-04-05,4,quantile,0.025,0.0,2026-03-18
ILI incidence,IE,2026-03-15,1,quantile,0.05,0.0,2026-03-18
ILI incidence,IE,2026-03-22,2,quantile,0.05,0.0,2026-03-18
ILI incidence,IE,2026-03-29,3,quantile,0.05,0.0,2026-03-18
ILI incidence,IE,2026-04-05,4,quantile,0.05,0.0,2026-03-18
ILI incidence,IE,2026-03-15,1,quantile,0.1,0.0,2026-03-18
ILI incidence,IE,2026-03-22,2,quantile,0.1,0.0,2026-03-18
ILI incidence,IE,2026-03-29,3,quantile,0.1,0.0,2026-03-18
ILI incidence,IE,2026-04-05,4,quantile,0.1,0.0,2026-03-18
ILI incidence,IE,2026-03-15,1,quantile,0.15,0.0,2026-03-18
ILI incidence,IE,2026-03-22,2,quantile,0.15,0.0,2026-03-18
ILI incidence,IE,2026-03-29,3,quantile,0.15,0.8489853262358079,2026-03-18
ILI incidence,IE,2026-04-05,4,quantile,0.15,0.0,2026-03-18
ILI incidence,IE,2026-03-15,1,quantile,0.2,0.0,2026-03-18
ILI incidence,IE,2026-03-22,2,quantile,0.2,0.0,2026-03-18
ILI incidence,IE,2026-03-29,3,quantile,0.2,3.0637693279035645,2026-03-18
ILI incidence,IE,2026-04-05,4,quantile,0.2,0.0,2026-03-18
ILI incidence,IE,2026-03-15,1,quantile,0.25,0.6665046406517785,2026-03-18
ILI incidence,IE,2026-03-22,2,quantile,0.25,0.13276368575758835,2026-03-18
ILI incidence,IE,2026-03-29,3,quantile,0.25,4.2093165071395,2026-03-18
ILI incidence,IE,2026-04-05,4,quantile,0.25,0.0,2026-03-18
ILI incidence,IE,2026-03-15,1,quantile,0.3,3.445687168699963,2026-03-18
ILI incidence,IE,2026-03-22,2,quantile,0.3,2.1252132591723836,2026-03-18
ILI incidence,IE,2026-03-29,3,quantile,0.3,5.387950405677554,2026-03-18
ILI incidence,IE,2026-04-05,4,quantile,0.3,0.0,2026-03-18
ILI incidence,IE,2026-03-15,1,quantile,0.35,5.08349560926725,2026-03-18
ILI incidence,IE,2026-03-22,2,quantile,0.35,3.7235953608686336,2026-03-18
ILI incidence,IE,2026-03-29,3,quantile,0.35,6.8482098820098525,2026-03-18
ILI incidence,IE,2026-04-05,4,quantile,0.35,0.0,2026-03-18
ILI incidence,IE,2026-03-15,1,quantile,0.4,6.812038405999868,2026-03-18
ILI incidence,IE,2026-03-22,2,quantile,0.4,5.4032616712994725,2026-03-18
ILI incidence,IE,2026-03-29,3,quantile,0.4,7.971182878943621,2026-03-18
ILI incidence,IE,2026-04-05,4,quantile,0.4,0.0,2026-03-18
ILI incidence,IE,2026-03-15,1,quantile,0.45,8.266905020299019,2026-03-18
ILI incidence,IE,2026-03-22,2,quantile,0.45,7.116238926066028,2026-03-18
ILI incidence,IE,2026-03-29,3,quantile,0.45,9.035745692048575,2026-03-18
ILI incidence,IE,2026-04-05,4,quantile,0.45,0.0,2026-03-18
ILI incidence,IE,2026-03-15,1,quantile,0.5,9.819264327143985,2026-03-18
ILI incidence,IE,2026-03-22,2,quantile,0.5,8.20959954897052,2026-03-18
ILI incidence,IE,2026-03-29,3,quantile,0.5,9.949750696322251,2026-03-18
ILI incidence,IE,2026-04-05,4,quantile,0.5,0.0,2026-03-18
ILI incidence,IE,2026-03-15,1,quantile,0.55,11.421977424910738,2026-03-18
ILI incidence,IE,2026-03-22,2,quantile,0.55,9.76100933805959,2026-03-18
ILI incidence,IE,2026-03-29,3,quantile,0.55,10.127552730331402,2026-03-18
ILI incidence,IE,2026-04-05,4,quantile,0.55,0.0,2026-03-18
ILI incidence,IE,2026-03-15,1,quantile,0.6,14.297279959356786,2026-03-18
ILI incidence,IE,2026-03-22,2,quantile,0.6,10.850950187367754,2026-03-18
ILI incidence,IE,2026-03-29,3,quantile,0.6,11.135400557328705,2026-03-18
ILI incidence,IE,2026-04-05,4,quantile,0.6,0.0,2026-03-18
ILI incidence,IE,2026-03-15,1,quantile,0.65,17.102837790648227,2026-03-18
ILI incidence,IE,2026-03-22,2,quantile,0.65,12.669014905364898,2026-03-18
ILI incidence,IE,2026-03-29,3,quantile,0.65,12.07326442808341,2026-03-18
ILI incidence,IE,2026-04-05,4,quantile,0.65,0.0,2026-03-18
ILI incidence,IE,2026-03-15,1,quantile,0.7,19.055714360634507,2026-03-18
ILI incidence,IE,2026-03-22,2,quantile,0.7,14.217718572728884,2026-03-18
ILI incidence,IE,2026-03-29,3,quantile,0.7,13.383640187871894,2026-03-18
ILI incidence,IE,2026-04-05,4,quantile,0.7,0.0,2026-03-18
ILI incidence,IE,2026-03-15,1,quantile,0.75,20.47705935922579,2026-03-18
ILI incidence,IE,2026-03-22,2,quantile,0.75,15.29608441876098,2026-03-18
ILI incidence,IE,2026-03-29,3,quantile,0.75,15.356392814943979,2026-03-18
ILI incidence,IE,2026-04-05,4,quantile,0.75,1.5290601177613714,2026-03-18
ILI incidence,IE,2026-03-15,1,quantile,0.8,22.641214019468215,2026-03-18
ILI incidence,IE,2026-03-22,2,quantile,0.8,16.51117787376937,2026-03-18
ILI incidence,IE,2026-03-29,3,quantile,0.8,18.428072387537355,2026-03-18
ILI incidence,IE,2026-04-05,4,quantile,0.8,3.2176102437159146,2026-03-18
ILI incidence,IE,2026-03-15,1,quantile,0.85,24.896061463515505,2026-03-18
ILI incidence,IE,2026-03-22,2,quantile,0.85,19.38977295479476,2026-03-18
ILI incidence,IE,2026-03-29,3,quantile,0.85,22.645962485725363,2026-03-18
ILI incidence,IE,2026-04-05,4,quantile,0.85,7.0033297675512305,2026-03-18
ILI incidence,IE,2026-03-15,1,quantile,0.9,27.594727689451517,2026-03-18
ILI incidence,IE,2026-03-22,2,quantile,0.9,20.860525339013172,2026-03-18
ILI incidence,IE,2026-03-29,3,quantile,0.9,24.93342796904111,2026-03-18
ILI incidence,IE,2026-04-05,4,quantile,0.9,10.457027625171115,2026-03-18
ILI incidence,IE,2026-03-15,1,quantile,0.95,32.45758398351159,2026-03-18
ILI incidence,IE,2026-03-22,2,quantile,0.95,25.470555826754126,2026-03-18
ILI incidence,IE,2026-03-29,3,quantile,0.95,28.906226009702642,2026-03-18
ILI incidence,IE,2026-04-05,4,quantile,0.95,19.10379762799714,2026-03-18
ILI incidence,IE,2026-03-15,1,quantile,0.975,36.34903175680964,2026-03-18
ILI incidence,IE,2026-03-22,2,quantile,0.975,26.577653860596037,2026-03-18
ILI incidence,IE,2026-03-29,3,quantile,0.975,32.36428566025906,2026-03-18
ILI incidence,IE,2026-04-05,4,quantile,0.975,21.382656199827498,2026-03-18
ILI incidence,IE,2026-03-15,1,quantile,0.99,46.850074047520465,2026-03-18
ILI incidence,IE,2026-03-22,2,quantile,0.99,34.72617819904162,2026-03-18
ILI incidence,IE,2026-03-29,3,quantile,0.99,34.84184918813503,2026-03-18
ILI incidence,IE,2026-04-05,4,quantile,0.99,23.92648462705245,2026-03-18
ILI incidence,IE,2026-03-15,1,median,,9.819264327143985,2026-03-18
ILI incidence,IE,2026-03-22,2,median,,8.20959954897052,2026-03-18
ILI incidence,IE,2026-03-29,3,median,,9.949750696322251,2026-03-18
ILI incidence,IE,2026-04-05,4,median,,0.0,2026-03-18
ILI incidence,LT,2026-03-15,1,quantile,0.01,175.54107414302302,2026-03-18
ILI incidence,LT,2026-03-22,2,quantile,0.01,19.819031184245024,2026-03-18
ILI incidence,LT,2026-03-29,3,quantile,0.01,0.0,2026-03-18
ILI incidence,LT,2026-04-05,4,quantile,0.01,0.0,2026-03-18
ILI incidence,LT,2026-03-15,1,quantile,0.025,189.02764964200705,2026-03-18
ILI incidence,LT,2026-03-22,2,quantile,0.025,40.35489693536726,2026-03-18
ILI incidence,LT,2026-03-29,3,quantile,0.025,0.0,2026-03-18
ILI incidence,LT,2026-04-05,4,quantile,0.025,0.0,2026-03-18
ILI incidence,LT,2026-03-15,1,quantile,0.05,197.9538774300154,2026-03-18
ILI incidence,LT,2026-03-22,2,quantile,0.05,51.16858800355634,2026-03-18
ILI incidence,LT,2026-03-29,3,quantile,0.05,11.38448170492548,2026-03-18
ILI incidence,LT,2026-04-05,4,quantile,0.05,0.0,2026-03-18
ILI incidence,LT,2026-03-15,1,quantile,0.1,211.19615014607598,2026-03-18
ILI incidence,LT,2026-03-22,2,quantile,0.1,68.80436236653331,2026-03-18
ILI incidence,LT,2026-03-29,3,quantile,0.1,31.982193080029415,2026-03-18
ILI incidence,LT,2026-04-05,4,quantile,0.1,0.0,2026-03-18
ILI incidence,LT,2026-03-15,1,quantile,0.15,222.73132695065388,2026-03-18
ILI incidence,LT,2026-03-22,2,quantile,0.15,89.38667683547212,2026-03-18
ILI incidence,LT,2026-03-29,3,quantile,0.15,47.36103576716379,2026-03-18
ILI incidence,LT,2026-04-05,4,quantile,0.15,0.0,2026-03-18
ILI incidence,LT,2026-03-15,1,quantile,0.2,229.18468428056246,2026-03-18
ILI incidence,LT,2026-03-22,2,quantile,0.2,99.01431005063696,2026-03-18
ILI incidence,LT,2026-03-29,3,quantile,0.2,67.4676122787153,2026-03-18
ILI incidence,LT,2026-04-05,4,quantile,0.2,0.0,2026-03-18
ILI incidence,LT,2026-03-15,1,quantile,0.25,233.12214273791074,2026-03-18
ILI incidence,LT,2026-03-22,2,quantile,0.25,111.13785786213614,2026-03-18
ILI incidence,LT,2026-03-29,3,quantile,0.25,84.52162606464933,2026-03-18
ILI incidence,LT,2026-04-05,4,quantile,0.25,0.0,2026-03-18
ILI incidence,LT,2026-03-15,1,quantile,0.3,238.68485473988176,2026-03-18
ILI incidence,LT,2026-03-22,2,quantile,0.3,123.95197665504429,2026-03-18
ILI incidence,LT,2026-03-29,3,quantile,0.3,93.97647250653776,2026-03-18
ILI incidence,LT,2026-04-05,4,quantile,0.3,0.0,2026-03-18
ILI incidence,LT,2026-03-15,1,quantile,0.35,244.65290663956117,2026-03-18
ILI incidence,LT,2026-03-22,2,quantile,0.35,131.4627235619939,2026-03-18
ILI incidence,LT,2026-03-29,3,quantile,0.35,100.26123474212253,2026-03-18
ILI incidence,LT,2026-04-05,4,quantile,0.35,0.45156964425283114,2026-03-18
ILI incidence,LT,2026-03-15,1,quantile,0.4,252.60250353837316,2026-03-18
ILI incidence,LT,2026-03-22,2,quantile,0.4,136.85601507007806,2026-03-18
ILI incidence,LT,2026-03-29,3,quantile,0.4,105.35502510019008,2026-03-18
ILI incidence,LT,2026-04-05,4,quantile,0.4,6.160509052557096,2026-03-18
ILI incidence,LT,2026-03-15,1,quantile,0.45,261.1996573610677,2026-03-18
ILI incidence,LT,2026-03-22,2,quantile,0.45,141.44739725783427,2026-03-18
ILI incidence,LT,2026-03-29,3,quantile,0.45,110.30450185084709,2026-03-18
ILI incidence,LT,2026-04-05,4,quantile,0.45,11.877496573864402,2026-03-18
ILI incidence,LT,2026-03-15,1,quantile,0.5,273.9114586811354,2026-03-18
ILI incidence,LT,2026-03-22,2,quantile,0.5,145.94581686799054,2026-03-18
ILI incidence,LT,2026-03-29,3,quantile,0.5,115.40827669010154,2026-03-18
ILI incidence,LT,2026-04-05,4,quantile,0.5,18.324419743684963,2026-03-18
ILI incidence,LT,2026-03-15,1,quantile,0.55,285.37721257680244,2026-03-18
ILI incidence,LT,2026-03-22,2,quantile,0.55,150.23291975868602,2026-03-18
ILI incidence,LT,2026-03-29,3,quantile,0.55,119.83339824582194,2026-03-18
ILI incidence,LT,2026-04-05,4,quantile,0.55,22.719931643136146,2026-03-18
ILI incidence,LT,2026-03-15,1,quantile,0.6,295.8243083917677,2026-03-18
ILI incidence,LT,2026-03-22,2,quantile,0.6,154.7892827821743,2026-03-18
ILI incidence,LT,2026-03-29,3,quantile,0.6,121.50484066570738,2026-03-18
ILI incidence,LT,2026-04-05,4,quantile,0.6,33.37130370222396,2026-03-18
ILI incidence,LT,2026-03-15,1,quantile,0.65,303.56713924915675,2026-03-18
ILI incidence,LT,2026-03-22,2,quantile,0.65,159.4606724912117,2026-03-18
ILI incidence,LT,2026-03-29,3,quantile,0.65,124.62285126277473,2026-03-18
ILI incidence,LT,2026-04-05,4,quantile,0.65,39.43237197592057,2026-03-18
ILI incidence,LT,2026-03-15,1,quantile,0.7,312.7814795781051,2026-03-18
ILI incidence,LT,2026-03-22,2,quantile,0.7,165.3989295041858,2026-03-18
ILI incidence,LT,2026-03-29,3,quantile,0.7,128.5715775424399,2026-03-18
ILI incidence,LT,2026-04-05,4,quantile,0.7,45.50980267096148,2026-03-18
ILI incidence,LT,2026-03-15,1,quantile,0.75,319.54813895225914,2026-03-18
ILI incidence,LT,2026-03-22,2,quantile,0.75,167.4243982025634,2026-03-18
ILI incidence,LT,2026-03-29,3,quantile,0.75,133.32010328976145,2026-03-18
ILI incidence,LT,2026-04-05,4,quantile,0.75,53.33346442094618,2026-03-18
ILI incidence,LT,2026-03-15,1,quantile,0.8,331.7665080014236,2026-03-18
ILI incidence,LT,2026-03-22,2,quantile,0.8,169.9665797815297,2026-03-18
ILI incidence,LT,2026-03-29,3,quantile,0.8,137.19317083016048,2026-03-18
ILI incidence,LT,2026-04-05,4,quantile,0.8,64.11493332911557,2026-03-18
ILI incidence,LT,2026-03-15,1,quantile,0.85,340.05760849429055,2026-03-18
ILI incidence,LT,2026-03-22,2,quantile,0.85,183.54777208184552,2026-03-18
ILI incidence,LT,2026-03-29,3,quantile,0.85,143.80347444011062,2026-03-18
ILI incidence,LT,2026-04-05,4,quantile,0.85,78.99872982588663,2026-03-18
ILI incidence,LT,2026-03-15,1,quantile,0.9,344.2328939084781,2026-03-18
ILI incidence,LT,2026-03-22,2,quantile,0.9,214.0180337335113,2026-03-18
ILI incidence,LT,2026-03-29,3,quantile,0.9,149.36651370173928,2026-03-18
ILI incidence,LT,2026-04-05,4,quantile,0.9,95.92869088865565,2026-03-18
ILI incidence,LT,2026-03-15,1,quantile,0.95,373.79991269480547,2026-03-18
ILI incidence,LT,2026-03-22,2,quantile,0.95,243.27117892168448,2026-03-18
ILI incidence,LT,2026-03-29,3,quantile,0.95,168.40190852254665,2026-03-18
ILI incidence,LT,2026-04-05,4,quantile,0.95,117.52651768789978,2026-03-18
ILI incidence,LT,2026-03-15,1,quantile,0.975,402.78439982805827,2026-03-18
ILI incidence,LT,2026-03-22,2,quantile,0.975,256.52185262462035,2026-03-18
ILI incidence,LT,2026-03-29,3,quantile,0.975,212.10117712553586,2026-03-18
ILI incidence,LT,2026-04-05,4,quantile,0.975,156.9656197506892,2026-03-18
ILI incidence,LT,2026-03-15,1,quantile,0.99,430.0722928956409,2026-03-18
ILI incidence,LT,2026-03-22,2,quantile,0.99,262.4751682943473,2026-03-18
ILI incidence,LT,2026-03-29,3,quantile,0.99,212.28418662800723,2026-03-18
ILI incidence,LT,2026-04-05,4,quantile,0.99,181.32813371812418,2026-03-18
ILI incidence,LT,2026-03-15,1,median,,273.9114586811354,2026-03-18
ILI incidence,LT,2026-03-22,2,median,,145.94581686799054,2026-03-18
ILI incidence,LT,2026-03-29,3,median,,115.40827669010154,2026-03-18
ILI incidence,LT,2026-04-05,4,median,,18.324419743684963,2026-03-18
ILI incidence,LU,2026-03-15,1,quantile,0.01,45.70546236342534,2026-03-18
ILI incidence,LU,2026-03-22,2,quantile,0.01,2055.9578694797883,2026-03-18
ILI incidence,LU,2026-03-29,3,quantile,0.01,0.0,2026-03-18
ILI incidence,LU,2026-04-05,4,quantile,0.01,0.0,2026-03-18
ILI incidence,LU,2026-03-15,1,quantile,0.025,1818.1057717631252,2026-03-18
ILI incidence,LU,2026-03-22,2,quantile,0.025,2697.09949004004,2026-03-18
ILI incidence,LU,2026-03-29,3,quantile,0.025,0.0,2026-03-18
ILI incidence,LU,2026-04-05,4,quantile,0.025,0.0,2026-03-18
ILI incidence,LU,2026-03-15,1,quantile,0.05,2563.3795047239505,2026-03-18
ILI incidence,LU,2026-03-22,2,quantile,0.05,3189.9062854953995,2026-03-18
ILI incidence,LU,2026-03-29,3,quantile,0.05,0.0,2026-03-18
ILI incidence,LU,2026-04-05,4,quantile,0.05,0.0,2026-03-18
ILI incidence,LU,2026-03-15,1,quantile,0.1,3378.491083809542,2026-03-18
ILI incidence,LU,2026-03-22,2,quantile,0.1,3549.150097800508,2026-03-18
ILI incidence,LU,2026-03-29,3,quantile,0.1,0.0,2026-03-18
ILI incidence,LU,2026-04-05,4,quantile,0.1,144.67889877099657,2026-03-18
ILI incidence,LU,2026-03-15,1,quantile,0.15,4222.6706210187,2026-03-18
ILI incidence,LU,2026-03-22,2,quantile,0.15,3980.0092080651652,2026-03-18
ILI incidence,LU,2026-03-29,3,quantile,0.15,0.0,2026-03-18
ILI incidence,LU,2026-04-05,4,quantile,0.15,569.6375886300641,2026-03-18
ILI incidence,LU,2026-03-15,1,quantile,0.2,4862.020615225007,2026-03-18
ILI incidence,LU,2026-03-22,2,quantile,0.2,4267.458393453896,2026-03-18
ILI incidence,LU,2026-03-29,3,quantile,0.2,0.0,2026-03-18
ILI incidence,LU,2026-04-05,4,quantile,0.2,1206.9784829660805,2026-03-18
ILI incidence,LU,2026-03-15,1,quantile,0.25,5412.658801081371,2026-03-18
ILI incidence,LU,2026-03-22,2,quantile,0.25,4811.245946026591,2026-03-18
ILI incidence,LU,2026-03-29,3,quantile,0.25,0.0,2026-03-18
ILI incidence,LU,2026-04-05,4,quantile,0.25,1748.0617949633117,2026-03-18
ILI incidence,LU,2026-03-15,1,quantile,0.3,5741.981394866828,2026-03-18
ILI incidence,LU,2026-03-22,2,quantile,0.3,5271.670204792107,2026-03-18
ILI incidence,LU,2026-03-29,3,quantile,0.3,181.4670692531533,2026-03-18
ILI incidence,LU,2026-04-05,4,quantile,0.3,2173.052102495593,2026-03-18
ILI incidence,LU,2026-03-15,1,quantile,0.35,5922.44704876804,2026-03-18
ILI incidence,LU,2026-03-22,2,quantile,0.35,5469.431958518863,2026-03-18
ILI incidence,LU,2026-03-29,3,quantile,0.35,517.5599637172763,2026-03-18
ILI incidence,LU,2026-04-05,4,quantile,0.35,2361.5086870365913,2026-03-18
ILI incidence,LU,2026-03-15,1,quantile,0.4,5978.204085384671,2026-03-18
ILI incidence,LU,2026-03-22,2,quantile,0.4,5554.56582630303,2026-03-18
ILI incidence,LU,2026-03-29,3,quantile,0.4,872.3759291476076,2026-03-18
ILI incidence,LU,2026-04-05,4,quantile,0.4,2481.9775426092588,2026-03-18
ILI incidence,LU,2026-03-15,1,quantile,0.45,6164.921531959904,2026-03-18
ILI incidence,LU,2026-03-22,2,quantile,0.45,6243.527864352821,2026-03-18
ILI incidence,LU,2026-03-29,3,quantile,0.45,1106.5956572895743,2026-03-18
ILI incidence,LU,2026-04-05,4,quantile,0.45,2646.0220410321494,2026-03-18
ILI incidence,LU,2026-03-15,1,quantile,0.5,6509.5906025485965,2026-03-18
ILI incidence,LU,2026-03-22,2,quantile,0.5,6383.176983498322,2026-03-18
ILI incidence,LU,2026-03-29,3,quantile,0.5,1287.736223374587,2026-03-18
ILI incidence,LU,2026-04-05,4,quantile,0.5,2779.141346488218,2026-03-18
ILI incidence,LU,2026-03-15,1,quantile,0.55,6864.015834694844,2026-03-18
ILI incidence,LU,2026-03-22,2,quantile,0.55,6772.679396510484,2026-03-18
ILI incidence,LU,2026-03-29,3,quantile,0.55,1534.2958416523647,2026-03-18
ILI incidence,LU,2026-04-05,4,quantile,0.55,2949.1895390940153,2026-03-18
ILI incidence,LU,2026-03-15,1,quantile,0.6,7075.754441290248,2026-03-18
ILI incidence,LU,2026-03-22,2,quantile,0.6,7170.298329240679,2026-03-18
ILI incidence,LU,2026-03-29,3,quantile,0.6,1825.8609960108795,2026-03-18
ILI incidence,LU,2026-04-05,4,quantile,0.6,3075.7917024453377,2026-03-18
ILI incidence,LU,2026-03-15,1,quantile,0.65,7251.85552304758,2026-03-18
ILI incidence,LU,2026-03-22,2,quantile,0.65,7371.3590371353985,2026-03-18
ILI incidence,LU,2026-03-29,3,quantile,0.65,2042.0048471380983,2026-03-18
ILI incidence,LU,2026-04-05,4,quantile,0.65,3199.639698828357,2026-03-18
ILI incidence,LU,2026-03-15,1,quantile,0.7,7526.786972330659,2026-03-18
ILI incidence,LU,2026-03-22,2,quantile,0.7,7594.248816934142,2026-03-18
ILI incidence,LU,2026-03-29,3,quantile,0.7,2239.086546284703,2026-03-18
ILI incidence,LU,2026-04-05,4,quantile,0.7,3501.091220082159,2026-03-18
ILI incidence,LU,2026-03-15,1,quantile,0.75,7924.548852096712,2026-03-18
ILI incidence,LU,2026-03-22,2,quantile,0.75,7865.173572790997,2026-03-18
ILI incidence,LU,2026-03-29,3,quantile,0.75,2465.227256310427,2026-03-18
ILI incidence,LU,2026-04-05,4,quantile,0.75,3699.8059738692427,2026-03-18
ILI incidence,LU,2026-03-15,1,quantile,0.8,8279.116304309755,2026-03-18
ILI incidence,LU,2026-03-22,2,quantile,0.8,8089.0696427103185,2026-03-18
ILI incidence,LU,2026-03-29,3,quantile,0.8,2725.4218333269064,2026-03-18
ILI incidence,LU,2026-04-05,4,quantile,0.8,3999.75946847101,2026-03-18
ILI incidence,LU,2026-03-15,1,quantile,0.85,8596.500137183486,2026-03-18
ILI incidence,LU,2026-03-22,2,quantile,0.85,8431.938192979744,2026-03-18
ILI incidence,LU,2026-03-29,3,quantile,0.85,3129.474603054029,2026-03-18
ILI incidence,LU,2026-04-05,4,quantile,0.85,4298.901575707961,2026-03-18
ILI incidence,LU,2026-03-15,1,quantile,0.9,8800.24981925828,2026-03-18
ILI incidence,LU,2026-03-22,2,quantile,0.9,8725.730459475073,2026-03-18
ILI incidence,LU,2026-03-29,3,quantile,0.9,3453.0985639283904,2026-03-18
ILI incidence,LU,2026-04-05,4,quantile,0.9,4735.687088134901,2026-03-18
ILI incidence,LU,2026-03-15,1,quantile,0.95,9783.118033492858,2026-03-18
ILI incidence,LU,2026-03-22,2,quantile,0.95,9291.707686112553,2026-03-18
ILI incidence,LU,2026-03-29,3,quantile,0.95,3746.857631466322,2026-03-18
ILI incidence,LU,2026-04-05,4,quantile,0.95,5142.458422170909,2026-03-18
ILI incidence,LU,2026-03-15,1,quantile,0.975,10385.62372978984,2026-03-18
ILI incidence,LU,2026-03-22,2,quantile,0.975,10192.288696378888,2026-03-18
ILI incidence,LU,2026-03-29,3,quantile,0.975,4006.606745696839,2026-03-18
ILI incidence,LU,2026-04-05,4,quantile,0.975,5748.560031860437,2026-03-18
ILI incidence,LU,2026-03-15,1,quantile,0.99,10502.579183649765,2026-03-18
ILI incidence,LU,2026-03-22,2,quantile,0.99,10903.236563308796,2026-03-18
ILI incidence,LU,2026-03-29,3,quantile,0.99,4268.031901330905,2026-03-18
ILI incidence,LU,2026-04-05,4,quantile,0.99,6223.267787944425,2026-03-18
ILI incidence,LU,2026-03-15,1,median,,6509.5906025485965,2026-03-18
ILI incidence,LU,2026-03-22,2,median,,6383.176983498322,2026-03-18
ILI incidence,LU,2026-03-29,3,median,,1287.736223374587,2026-03-18
ILI incidence,LU,2026-04-05,4,median,,2779.141346488218,2026-03-18
ILI incidence,NO,2026-03-15,1,quantile,0.01,20.625071491745008,2026-03-18
ILI incidence,NO,2026-03-22,2,quantile,0.01,21.549060117708436,2026-03-18
ILI incidence,NO,2026-03-29,3,quantile,0.01,19.597286880198617,2026-03-18
ILI incidence,NO,2026-04-05,4,quantile,0.01,0.0,2026-03-18
ILI incidence,NO,2026-03-15,1,quantile,0.025,27.616706843349267,2026-03-18
ILI incidence,NO,2026-03-22,2,quantile,0.025,22.6621381002242,2026-03-18
ILI incidence,NO,2026-03-29,3,quantile,0.025,21.266327847054978,2026-03-18
ILI incidence,NO,2026-04-05,4,quantile,0.025,0.0,2026-03-18
ILI incidence,NO,2026-03-15,1,quantile,0.05,33.886544523875166,2026-03-18
ILI incidence,NO,2026-03-22,2,quantile,0.05,26.644058657282105,2026-03-18
ILI incidence,NO,2026-03-29,3,quantile,0.05,23.04118911697994,2026-03-18
ILI incidence,NO,2026-04-05,4,quantile,0.05,1.164366055271733,2026-03-18
ILI incidence,NO,2026-03-15,1,quantile,0.1,48.23498385630767,2026-03-18
ILI incidence,NO,2026-03-22,2,quantile,0.1,28.240413245372533,2026-03-18
ILI incidence,NO,2026-03-29,3,quantile,0.1,27.022232791945864,2026-03-18
ILI incidence,NO,2026-04-05,4,quantile,0.1,8.807632216677742,2026-03-18
ILI incidence,NO,2026-03-15,1,quantile,0.15,54.681031012009996,2026-03-18
ILI incidence,NO,2026-03-22,2,quantile,0.15,32.781706225384035,2026-03-18
ILI incidence,NO,2026-03-29,3,quantile,0.15,29.605603816327854,2026-03-18
ILI incidence,NO,2026-04-05,4,quantile,0.15,14.586463200347218,2026-03-18
ILI incidence,NO,2026-03-15,1,quantile,0.2,60.25547333061467,2026-03-18
ILI incidence,NO,2026-03-22,2,quantile,0.2,34.959106574962256,2026-03-18
ILI incidence,NO,2026-03-29,3,quantile,0.2,31.240637751548743,2026-03-18
ILI incidence,NO,2026-04-05,4,quantile,0.2,19.119356505924305,2026-03-18
ILI incidence,NO,2026-03-15,1,quantile,0.25,62.07065301761952,2026-03-18
ILI incidence,NO,2026-03-22,2,quantile,0.25,37.21061723550405,2026-03-18
ILI incidence,NO,2026-03-29,3,quantile,0.25,33.8837789551105,2026-03-18
ILI incidence,NO,2026-04-05,4,quantile,0.25,23.545891351011477,2026-03-18
ILI incidence,NO,2026-03-15,1,quantile,0.3,63.33084082821054,2026-03-18
ILI incidence,NO,2026-03-22,2,quantile,0.3,39.26840238561636,2026-03-18
ILI incidence,NO,2026-03-29,3,quantile,0.3,36.618193937004634,2026-03-18
ILI incidence,NO,2026-04-05,4,quantile,0.3,27.76547181692392,2026-03-18
ILI incidence,NO,2026-03-15,1,quantile,0.35,67.04725379822935,2026-03-18
ILI incidence,NO,2026-03-22,2,quantile,0.35,41.45923463510797,2026-03-18
ILI incidence,NO,2026-03-29,3,quantile,0.35,37.89782365576692,2026-03-18
ILI incidence,NO,2026-04-05,4,quantile,0.35,31.225124567364826,2026-03-18
ILI incidence,NO,2026-03-15,1,quantile,0.4,70.68855684437206,2026-03-18
ILI incidence,NO,2026-03-22,2,quantile,0.4,44.29564231193895,2026-03-18
ILI incidence,NO,2026-03-29,3,quantile,0.4,39.193183345818184,2026-03-18
ILI incidence,NO,2026-04-05,4,quantile,0.4,33.300551817506715,2026-03-18
ILI incidence,NO,2026-03-15,1,quantile,0.45,74.86168618498657,2026-03-18
ILI incidence,NO,2026-03-22,2,quantile,0.45,48.97577461497535,2026-03-18
ILI incidence,NO,2026-03-29,3,quantile,0.45,40.667418102544566,2026-03-18
ILI incidence,NO,2026-04-05,4,quantile,0.45,35.281018271119564,2026-03-18
ILI incidence,NO,2026-03-15,1,quantile,0.5,77.43153519178728,2026-03-18
ILI incidence,NO,2026-03-22,2,quantile,0.5,50.274004384373754,2026-03-18
ILI incidence,NO,2026-03-29,3,quantile,0.5,42.61383992354937,2026-03-18
ILI incidence,NO,2026-04-05,4,quantile,0.5,37.16097571047949,2026-03-18
ILI incidence,NO,2026-03-15,1,quantile,0.55,79.74062299256808,2026-03-18
ILI incidence,NO,2026-03-22,2,quantile,0.55,52.29888985626557,2026-03-18
ILI incidence,NO,2026-03-29,3,quantile,0.55,44.879064644738904,2026-03-18
ILI incidence,NO,2026-04-05,4,quantile,0.55,38.79482207083926,2026-03-18
ILI incidence,NO,2026-03-15,1,quantile,0.6,82.37225936143902,2026-03-18
ILI incidence,NO,2026-03-22,2,quantile,0.6,56.74651619013726,2026-03-18
ILI incidence,NO,2026-03-29,3,quantile,0.6,45.772623061179445,2026-03-18
ILI incidence,NO,2026-04-05,4,quantile,0.6,40.79932144610382,2026-03-18
ILI incidence,NO,2026-03-15,1,quantile,0.65,84.46880088368945,2026-03-18
ILI incidence,NO,2026-03-22,2,quantile,0.65,58.61582199497245,2026-03-18
ILI incidence,NO,2026-03-29,3,quantile,0.65,47.14217064501016,2026-03-18
ILI incidence,NO,2026-04-05,4,quantile,0.65,42.53106902132604,2026-03-18
ILI incidence,NO,2026-03-15,1,quantile,0.7,85.64109821508754,2026-03-18
ILI incidence,NO,2026-03-22,2,quantile,0.7,60.055356132329145,2026-03-18
ILI incidence,NO,2026-03-29,3,quantile,0.7,48.745482824838504,2026-03-18
ILI incidence,NO,2026-04-05,4,quantile,0.7,43.744092638001234,2026-03-18
ILI incidence,NO,2026-03-15,1,quantile,0.75,87.04637862272116,2026-03-18
ILI incidence,NO,2026-03-22,2,quantile,0.75,62.57653891074973,2026-03-18
ILI incidence,NO,2026-03-29,3,quantile,0.75,51.251516480280536,2026-03-18
ILI incidence,NO,2026-04-05,4,quantile,0.75,44.97555093375353,2026-03-18
ILI incidence,NO,2026-03-15,1,quantile,0.8,88.21422046202146,2026-03-18
ILI incidence,NO,2026-03-22,2,quantile,0.8,67.33824140548379,2026-03-18
ILI incidence,NO,2026-03-29,3,quantile,0.8,54.18270369809015,2026-03-18
ILI incidence,NO,2026-04-05,4,quantile,0.8,46.22146885941904,2026-03-18
ILI incidence,NO,2026-03-15,1,quantile,0.85,89.72902449206144,2026-03-18
ILI incidence,NO,2026-03-22,2,quantile,0.85,71.41984102141272,2026-03-18
ILI incidence,NO,2026-03-29,3,quantile,0.85,58.523290538963295,2026-03-18
ILI incidence,NO,2026-04-05,4,quantile,0.85,47.60070396560726,2026-03-18
ILI incidence,NO,2026-03-15,1,quantile,0.9,92.45557483479317,2026-03-18
ILI incidence,NO,2026-03-22,2,quantile,0.9,80.18228228727106,2026-03-18
ILI incidence,NO,2026-03-29,3,quantile,0.9,64.65327899261077,2026-03-18
ILI incidence,NO,2026-04-05,4,quantile,0.9,49.45455500099556,2026-03-18
ILI incidence,NO,2026-03-15,1,quantile,0.95,95.34849057603846,2026-03-18
ILI incidence,NO,2026-03-22,2,quantile,0.95,105.13180548420608,2026-03-18
ILI incidence,NO,2026-03-29,3,quantile,0.95,73.19164719102427,2026-03-18
ILI incidence,NO,2026-04-05,4,quantile,0.95,53.192197578764066,2026-03-18
ILI incidence,NO,2026-03-15,1,quantile,0.975,96.70639950060715,2026-03-18
ILI incidence,NO,2026-03-22,2,quantile,0.975,109.984094121737,2026-03-18
ILI incidence,NO,2026-03-29,3,quantile,0.975,77.31279600607446,2026-03-18
ILI incidence,NO,2026-04-05,4,quantile,0.975,56.207363650104135,2026-03-18
ILI incidence,NO,2026-03-15,1,quantile,0.99,98.17160231534575,2026-03-18
ILI incidence,NO,2026-03-22,2,quantile,0.99,114.45053964127379,2026-03-18
ILI incidence,NO,2026-03-29,3,quantile,0.99,106.17044403515393,2026-03-18
ILI incidence,NO,2026-04-05,4,quantile,0.99,58.46757468737886,2026-03-18
ILI incidence,NO,2026-03-15,1,median,,77.43153519178728,2026-03-18
ILI incidence,NO,2026-03-22,2,median,,50.274004384373754,2026-03-18
ILI incidence,NO,2026-03-29,3,median,,42.61383992354937,2026-03-18
ILI incidence,NO,2026-04-05,4,median,,37.16097571047949,2026-03-18
ILI incidence,PL,2026-03-15,1,quantile,0.01,108.83706320848962,2026-03-18
ILI incidence,PL,2026-03-22,2,quantile,0.01,100.25973717669557,2026-03-18
ILI incidence,PL,2026-03-29,3,quantile,0.01,128.52834584099242,2026-03-18
ILI incidence,PL,2026-04-05,4,quantile,0.01,0.0,2026-03-18
ILI incidence,PL,2026-03-15,1,quantile,0.025,178.3244204706625,2026-03-18
ILI incidence,PL,2026-03-22,2,quantile,0.025,135.9737905827821,2026-03-18
ILI incidence,PL,2026-03-29,3,quantile,0.025,140.974919149721,2026-03-18
ILI incidence,PL,2026-04-05,4,quantile,0.025,0.0,2026-03-18
ILI incidence,PL,2026-03-15,1,quantile,0.05,202.61044899464733,2026-03-18
ILI incidence,PL,2026-03-22,2,quantile,0.05,163.22016050650944,2026-03-18
ILI incidence,PL,2026-03-29,3,quantile,0.05,153.52014400325706,2026-03-18
ILI incidence,PL,2026-04-05,4,quantile,0.05,33.13608438197149,2026-03-18
ILI incidence,PL,2026-03-15,1,quantile,0.1,251.15580222567132,2026-03-18
ILI incidence,PL,2026-03-22,2,quantile,0.1,176.78532049154174,2026-03-18
ILI incidence,PL,2026-03-29,3,quantile,0.1,175.68980737820362,2026-03-18
ILI incidence,PL,2026-04-05,4,quantile,0.1,158.44474593207303,2026-03-18
ILI incidence,PL,2026-03-15,1,quantile,0.15,265.98254872642906,2026-03-18
ILI incidence,PL,2026-03-22,2,quantile,0.15,188.66676918433032,2026-03-18
ILI incidence,PL,2026-03-29,3,quantile,0.15,187.6924793508456,2026-03-18
ILI incidence,PL,2026-04-05,4,quantile,0.15,179.11608084498536,2026-03-18
ILI incidence,PL,2026-03-15,1,quantile,0.2,275.54099691392,2026-03-18
ILI incidence,PL,2026-03-22,2,quantile,0.2,195.46426210523566,2026-03-18
ILI incidence,PL,2026-03-29,3,quantile,0.2,199.58749586609855,2026-03-18
ILI incidence,PL,2026-04-05,4,quantile,0.2,204.54756107125377,2026-03-18
ILI incidence,PL,2026-03-15,1,quantile,0.25,287.4447757178974,2026-03-18
ILI incidence,PL,2026-03-22,2,quantile,0.25,207.98918583746246,2026-03-18
ILI incidence,PL,2026-03-29,3,quantile,0.25,206.87413196846563,2026-03-18
ILI incidence,PL,2026-04-05,4,quantile,0.25,226.83501613059502,2026-03-18
ILI incidence,PL,2026-03-15,1,quantile,0.3,301.435293942024,2026-03-18
ILI incidence,PL,2026-03-22,2,quantile,0.3,217.25349024215453,2026-03-18
ILI incidence,PL,2026-03-29,3,quantile,0.3,214.15886546566108,2026-03-18
ILI incidence,PL,2026-04-05,4,quantile,0.3,238.9942177622237,2026-03-18
ILI incidence,PL,2026-03-15,1,quantile,0.35,316.5003618301837,2026-03-18
ILI incidence,PL,2026-03-22,2,quantile,0.35,225.33688511712376,2026-03-18
ILI incidence,PL,2026-03-29,3,quantile,0.35,222.95021348685324,2026-03-18
ILI incidence,PL,2026-04-05,4,quantile,0.35,258.8734468872166,2026-03-18
ILI incidence,PL,2026-03-15,1,quantile,0.4,321.126759647839,2026-03-18
ILI incidence,PL,2026-03-22,2,quantile,0.4,233.48584331451403,2026-03-18
ILI incidence,PL,2026-03-29,3,quantile,0.4,233.70154649349786,2026-03-18
ILI incidence,PL,2026-04-05,4,quantile,0.4,282.0042327101367,2026-03-18
ILI incidence,PL,2026-03-15,1,quantile,0.45,325.4110493442559,2026-03-18
ILI incidence,PL,2026-03-22,2,quantile,0.45,239.93672996077146,2026-03-18
ILI incidence,PL,2026-03-29,3,quantile,0.45,244.31966792314546,2026-03-18
ILI incidence,PL,2026-04-05,4,quantile,0.45,298.6486298710706,2026-03-18
ILI incidence,PL,2026-03-15,1,quantile,0.5,329.7161661902303,2026-03-18
ILI incidence,PL,2026-03-22,2,quantile,0.5,247.59070597898082,2026-03-18
ILI incidence,PL,2026-03-29,3,quantile,0.5,258.44516440678535,2026-03-18
ILI incidence,PL,2026-04-05,4,quantile,0.5,317.13277479199337,2026-03-18
ILI incidence,PL,2026-03-15,1,quantile,0.55,334.6628437126745,2026-03-18
ILI incidence,PL,2026-03-22,2,quantile,0.55,255.65937640699477,2026-03-18
ILI incidence,PL,2026-03-29,3,quantile,0.55,265.0735381405473,2026-03-18
ILI incidence,PL,2026-04-05,4,quantile,0.55,330.5432109356181,2026-03-18
ILI incidence,PL,2026-03-15,1,quantile,0.6,347.03108602404285,2026-03-18
ILI incidence,PL,2026-03-22,2,quantile,0.6,278.0826489064946,2026-03-18
ILI incidence,PL,2026-03-29,3,quantile,0.6,269.3627790388445,2026-03-18
ILI incidence,PL,2026-04-05,4,quantile,0.6,338.77062764096706,2026-03-18
ILI incidence,PL,2026-03-15,1,quantile,0.65,362.37495542726276,2026-03-18
ILI incidence,PL,2026-03-22,2,quantile,0.65,308.05885959900473,2026-03-18
ILI incidence,PL,2026-03-29,3,quantile,0.65,274.694407177399,2026-03-18
ILI incidence,PL,2026-04-05,4,quantile,0.65,342.25256573318774,2026-03-18
ILI incidence,PL,2026-03-15,1,quantile,0.7,380.1920964559405,2026-03-18
ILI incidence,PL,2026-03-22,2,quantile,0.7,318.1154736293979,2026-03-18
ILI incidence,PL,2026-03-29,3,quantile,0.7,289.9899851385516,2026-03-18
ILI incidence,PL,2026-04-05,4,quantile,0.7,348.927888451561,2026-03-18
ILI incidence,PL,2026-03-15,1,quantile,0.75,401.076968182589,2026-03-18
ILI incidence,PL,2026-03-22,2,quantile,0.75,330.96100773712163,2026-03-18
ILI incidence,PL,2026-03-29,3,quantile,0.75,311.10841375307865,2026-03-18
ILI incidence,PL,2026-04-05,4,quantile,0.75,359.5564016397242,2026-03-18
ILI incidence,PL,2026-03-15,1,quantile,0.8,426.96061636441624,2026-03-18
ILI incidence,PL,2026-03-22,2,quantile,0.8,343.1552533880304,2026-03-18
ILI incidence,PL,2026-03-29,3,quantile,0.8,329.49584608007456,2026-03-18
ILI incidence,PL,2026-04-05,4,quantile,0.8,369.4519515363197,2026-03-18
ILI incidence,PL,2026-03-15,1,quantile,0.85,461.8617442971938,2026-03-18
ILI incidence,PL,2026-03-22,2,quantile,0.85,354.7210884337819,2026-03-18
ILI incidence,PL,2026-03-29,3,quantile,0.85,331.38246409877775,2026-03-18
ILI incidence,PL,2026-04-05,4,quantile,0.85,393.1178501544332,2026-03-18
ILI incidence,PL,2026-03-15,1,quantile,0.9,487.5900869163237,2026-03-18
ILI incidence,PL,2026-03-22,2,quantile,0.9,381.26121659961257,2026-03-18
ILI incidence,PL,2026-03-29,3,quantile,0.9,347.60926575247834,2026-03-18
ILI incidence,PL,2026-04-05,4,quantile,0.9,420.8311187194908,2026-03-18
ILI incidence,PL,2026-03-15,1,quantile,0.95,522.2357346520207,2026-03-18
ILI incidence,PL,2026-03-22,2,quantile,0.95,394.48562550921594,2026-03-18
ILI incidence,PL,2026-03-29,3,quantile,0.95,368.0438743862079,2026-03-18
ILI incidence,PL,2026-04-05,4,quantile,0.95,450.146549239749,2026-03-18
ILI incidence,PL,2026-03-15,1,quantile,0.975,538.8813083908299,2026-03-18
ILI incidence,PL,2026-03-22,2,quantile,0.975,406.4588927388993,2026-03-18
ILI incidence,PL,2026-03-29,3,quantile,0.975,391.14230039146383,2026-03-18
ILI incidence,PL,2026-04-05,4,quantile,0.975,474.5585286986514,2026-03-18
ILI incidence,PL,2026-03-15,1,quantile,0.99,549.2105153657152,2026-03-18
ILI incidence,PL,2026-03-22,2,quantile,0.99,416.1072889867584,2026-03-18
ILI incidence,PL,2026-03-29,3,quantile,0.99,416.9976156799484,2026-03-18
ILI incidence,PL,2026-04-05,4,quantile,0.99,650.418942574773,2026-03-18
ILI incidence,PL,2026-03-15,1,median,,329.7161661902303,2026-03-18
ILI incidence,PL,2026-03-22,2,median,,247.59070597898082,2026-03-18
ILI incidence,PL,2026-03-29,3,median,,258.44516440678535,2026-03-18
ILI incidence,PL,2026-04-05,4,median,,317.13277479199337,2026-03-18
ILI incidence,SI,2026-03-15,1,quantile,0.01,0.0,2026-03-18
ILI incidence,SI,2026-03-22,2,quantile,0.01,0.0,2026-03-18
ILI incidence,SI,2026-03-29,3,quantile,0.01,0.0,2026-03-18
ILI incidence,SI,2026-04-05,4,quantile,0.01,1.858641495805821,2026-03-18
ILI incidence,SI,2026-03-15,1,quantile,0.025,0.0,2026-03-18
ILI incidence,SI,2026-03-22,2,quantile,0.025,0.0,2026-03-18
ILI incidence,SI,2026-03-29,3,quantile,0.025,3.5599344033481692,2026-03-18
ILI incidence,SI,2026-04-05,4,quantile,0.025,27.277980974174763,2026-03-18
ILI incidence,SI,2026-03-15,1,quantile,0.05,0.0,2026-03-18
ILI incidence,SI,2026-03-22,2,quantile,0.05,0.0,2026-03-18
ILI incidence,SI,2026-03-29,3,quantile,0.05,10.122312268829262,2026-03-18
ILI incidence,SI,2026-04-05,4,quantile,0.05,32.253688041404175,2026-03-18
ILI incidence,SI,2026-03-15,1,quantile,0.1,0.0,2026-03-18
ILI incidence,SI,2026-03-22,2,quantile,0.1,0.0,2026-03-18
ILI incidence,SI,2026-03-29,3,quantile,0.1,22.800079026204116,2026-03-18
ILI incidence,SI,2026-04-05,4,quantile,0.1,41.407813151435036,2026-03-18
ILI incidence,SI,2026-03-15,1,quantile,0.15,0.0,2026-03-18
ILI incidence,SI,2026-03-22,2,quantile,0.15,0.0,2026-03-18
ILI incidence,SI,2026-03-29,3,quantile,0.15,26.524576583500966,2026-03-18
ILI incidence,SI,2026-04-05,4,quantile,0.15,48.62623691503788,2026-03-18
ILI incidence,SI,2026-03-15,1,quantile,0.2,0.0,2026-03-18
ILI incidence,SI,2026-03-22,2,quantile,0.2,0.0,2026-03-18
ILI incidence,SI,2026-03-29,3,quantile,0.2,36.85451619733958,2026-03-18
ILI incidence,SI,2026-04-05,4,quantile,0.2,54.20321469774446,2026-03-18
ILI incidence,SI,2026-03-15,1,quantile,0.25,0.0,2026-03-18
ILI incidence,SI,2026-03-22,2,quantile,0.25,0.0,2026-03-18
ILI incidence,SI,2026-03-29,3,quantile,0.25,49.09624320328613,2026-03-18
ILI incidence,SI,2026-04-05,4,quantile,0.25,57.23479259075996,2026-03-18
ILI incidence,SI,2026-03-15,1,quantile,0.3,0.0,2026-03-18
ILI incidence,SI,2026-03-22,2,quantile,0.3,0.0,2026-03-18
ILI incidence,SI,2026-03-29,3,quantile,0.3,62.766360608209254,2026-03-18
ILI incidence,SI,2026-04-05,4,quantile,0.3,60.310105069043914,2026-03-18
ILI incidence,SI,2026-03-15,1,quantile,0.35,0.0,2026-03-18
ILI incidence,SI,2026-03-22,2,quantile,0.35,0.0,2026-03-18
ILI incidence,SI,2026-03-29,3,quantile,0.35,64.10414458644739,2026-03-18
ILI incidence,SI,2026-04-05,4,quantile,0.35,63.03535560489165,2026-03-18
ILI incidence,SI,2026-03-15,1,quantile,0.4,0.0,2026-03-18
ILI incidence,SI,2026-03-22,2,quantile,0.4,0.0,2026-03-18
ILI incidence,SI,2026-03-29,3,quantile,0.4,68.80255769938339,2026-03-18
ILI incidence,SI,2026-04-05,4,quantile,0.4,64.91686073201971,2026-03-18
ILI incidence,SI,2026-03-15,1,quantile,0.45,0.0,2026-03-18
ILI incidence,SI,2026-03-22,2,quantile,0.45,0.0,2026-03-18
ILI incidence,SI,2026-03-29,3,quantile,0.45,71.95101465061366,2026-03-18
ILI incidence,SI,2026-04-05,4,quantile,0.45,66.1933865456498,2026-03-18
ILI incidence,SI,2026-03-15,1,quantile,0.5,0.0,2026-03-18
ILI incidence,SI,2026-03-22,2,quantile,0.5,2.563018725044205,2026-03-18
ILI incidence,SI,2026-03-29,3,quantile,0.5,74.86264081499692,2026-03-18
ILI incidence,SI,2026-04-05,4,quantile,0.5,68.9476937160708,2026-03-18
ILI incidence,SI,2026-03-15,1,quantile,0.55,0.0,2026-03-18
ILI incidence,SI,2026-03-22,2,quantile,0.55,5.476538903765286,2026-03-18
ILI incidence,SI,2026-03-29,3,quantile,0.55,77.87508620878108,2026-03-18
ILI incidence,SI,2026-04-05,4,quantile,0.55,73.7515932834828,2026-03-18
ILI incidence,SI,2026-03-15,1,quantile,0.6,0.0,2026-03-18
ILI incidence,SI,2026-03-22,2,quantile,0.6,8.70980726763974,2026-03-18
ILI incidence,SI,2026-03-29,3,quantile,0.6,81.21326433429488,2026-03-18
ILI incidence,SI,2026-04-05,4,quantile,0.6,82.41321584931688,2026-03-18
ILI incidence,SI,2026-03-15,1,quantile,0.65,5.5525860732419705,2026-03-18
ILI incidence,SI,2026-03-22,2,quantile,0.65,16.756194841311338,2026-03-18
ILI incidence,SI,2026-03-29,3,quantile,0.65,84.25047621540982,2026-03-18
ILI incidence,SI,2026-04-05,4,quantile,0.65,90.36098181708647,2026-03-18
ILI incidence,SI,2026-03-15,1,quantile,0.7,8.775400102804973,2026-03-18
ILI incidence,SI,2026-03-22,2,quantile,0.7,24.166288060679236,2026-03-18
ILI incidence,SI,2026-03-29,3,quantile,0.7,85.88581853102049,2026-03-18
ILI incidence,SI,2026-04-05,4,quantile,0.7,101.99137166759962,2026-03-18
ILI incidence,SI,2026-03-15,1,quantile,0.75,13.472831670695369,2026-03-18
ILI incidence,SI,2026-03-22,2,quantile,0.75,30.203639170159775,2026-03-18
ILI incidence,SI,2026-03-29,3,quantile,0.75,91.1901092214041,2026-03-18
ILI incidence,SI,2026-04-05,4,quantile,0.75,110.53171593582972,2026-03-18
ILI incidence,SI,2026-03-15,1,quantile,0.8,15.556823637596514,2026-03-18
ILI incidence,SI,2026-03-22,2,quantile,0.8,36.90837984205591,2026-03-18
ILI incidence,SI,2026-03-29,3,quantile,0.8,97.89003180851664,2026-03-18
ILI incidence,SI,2026-04-05,4,quantile,0.8,117.72609652185724,2026-03-18
ILI incidence,SI,2026-03-15,1,quantile,0.85,20.472966697441592,2026-03-18
ILI incidence,SI,2026-03-22,2,quantile,0.85,44.4362256805123,2026-03-18
ILI incidence,SI,2026-03-29,3,quantile,0.85,104.6204599093096,2026-03-18
ILI incidence,SI,2026-04-05,4,quantile,0.85,126.77919963029655,2026-03-18
ILI incidence,SI,2026-03-15,1,quantile,0.9,25.962586732312392,2026-03-18
ILI incidence,SI,2026-03-22,2,quantile,0.9,51.440452349470156,2026-03-18
ILI incidence,SI,2026-03-29,3,quantile,0.9,116.64932632858459,2026-03-18
ILI incidence,SI,2026-04-05,4,quantile,0.9,138.58202700356946,2026-03-18
ILI incidence,SI,2026-03-15,1,quantile,0.95,29.75773998044046,2026-03-18
ILI incidence,SI,2026-03-22,2,quantile,0.95,60.50268270634296,2026-03-18
ILI incidence,SI,2026-03-29,3,quantile,0.95,147.61957895637957,2026-03-18
ILI incidence,SI,2026-04-05,4,quantile,0.95,175.91248404534971,2026-03-18
ILI incidence,SI,2026-03-15,1,quantile,0.975,31.211510261158207,2026-03-18
ILI incidence,SI,2026-03-22,2,quantile,0.975,70.58830019198362,2026-03-18
ILI incidence,SI,2026-03-29,3,quantile,0.975,163.69307519722526,2026-03-18
ILI incidence,SI,2026-04-05,4,quantile,0.975,203.57696463293382,2026-03-18
ILI incidence,SI,2026-03-15,1,quantile,0.99,55.830654663139924,2026-03-18
ILI incidence,SI,2026-03-22,2,quantile,0.99,77.7032004327531,2026-03-18
ILI incidence,SI,2026-03-29,3,quantile,0.99,168.86075352174424,2026-03-18
ILI incidence,SI,2026-04-05,4,quantile,0.99,238.76664611924303,2026-03-18
ILI incidence,SI,2026-03-15,1,median,,0.0,2026-03-18
ILI incidence,SI,2026-03-22,2,median,,2.563018725044205,2026-03-18
ILI incidence,SI,2026-03-29,3,median,,74.86264081499692,2026-03-18
ILI incidence,SI,2026-04-05,4,median,,68.9476937160708,2026-03-18
ARI incidence,BG,2026-03-15,1,quantile,0.01,576.3403962576169,2026-03-18
ARI incidence,BG,2026-03-22,2,quantile,0.01,826.5676926728511,2026-03-18
ARI incidence,BG,2026-03-29,3,quantile,0.01,710.3814655182975,2026-03-18
ARI incidence,BG,2026-04-05,4,quantile,0.01,300.15004370353915,2026-03-18
ARI incidence,BG,2026-03-15,1,quantile,0.025,598.6884585037883,2026-03-18
ARI incidence,BG,2026-03-22,2,quantile,0.025,860.3274965106507,2026-03-18
ARI incidence,BG,2026-03-29,3,quantile,0.025,738.4886282197348,2026-03-18
ARI incidence,BG,2026-04-05,4,quantile,0.025,341.7694701256038,2026-03-18
ARI incidence,BG,2026-03-15,1,quantile,0.05,697.3264707069378,2026-03-18
ARI incidence,BG,2026-03-22,2,quantile,0.05,932.1102223814383,2026-03-18
ARI incidence,BG,2026-03-29,3,quantile,0.05,796.6684627793671,2026-03-18
ARI incidence,BG,2026-04-05,4,quantile,0.05,414.14247474005066,2026-03-18
ARI incidence,BG,2026-03-15,1,quantile,0.1,821.0080217146151,2026-03-18
ARI incidence,BG,2026-03-22,2,quantile,0.1,1028.2838841910882,2026-03-18
ARI incidence,BG,2026-03-29,3,quantile,0.1,946.8964507691892,2026-03-18
ARI incidence,BG,2026-04-05,4,quantile,0.1,453.03875995795073,2026-03-18
ARI incidence,BG,2026-03-15,1,quantile,0.15,950.6319182756208,2026-03-18
ARI incidence,BG,2026-03-22,2,quantile,0.15,1099.1616024449831,2026-03-18
ARI incidence,BG,2026-03-29,3,quantile,0.15,999.3363935217957,2026-03-18
ARI incidence,BG,2026-04-05,4,quantile,0.15,496.25606380956236,2026-03-18
ARI incidence,BG,2026-03-15,1,quantile,0.2,1037.969247280067,2026-03-18
ARI incidence,BG,2026-03-22,2,quantile,0.2,1114.6942949663437,2026-03-18
ARI incidence,BG,2026-03-29,3,quantile,0.2,1021.9812619502422,2026-03-18
ARI incidence,BG,2026-04-05,4,quantile,0.2,560.257215379165,2026-03-18
ARI incidence,BG,2026-03-15,1,quantile,0.25,1069.110916808042,2026-03-18
ARI incidence,BG,2026-03-22,2,quantile,0.25,1131.5415592018753,2026-03-18
ARI incidence,BG,2026-03-29,3,quantile,0.25,1051.5045359060982,2026-03-18
ARI incidence,BG,2026-04-05,4,quantile,0.25,602.4638236502643,2026-03-18
ARI incidence,BG,2026-03-15,1,quantile,0.3,1104.655110580708,2026-03-18
ARI incidence,BG,2026-03-22,2,quantile,0.3,1156.4740626989474,2026-03-18
ARI incidence,BG,2026-03-29,3,quantile,0.3,1072.372140570613,2026-03-18
ARI incidence,BG,2026-04-05,4,quantile,0.3,654.9745868518253,2026-03-18
ARI incidence,BG,2026-03-15,1,quantile,0.35,1118.115608427751,2026-03-18
ARI incidence,BG,2026-03-22,2,quantile,0.35,1167.541938673897,2026-03-18
ARI incidence,BG,2026-03-29,3,quantile,0.35,1086.292468997204,2026-03-18
ARI incidence,BG,2026-04-05,4,quantile,0.35,709.4180575949981,2026-03-18
ARI incidence,BG,2026-03-15,1,quantile,0.4,1133.1904518114566,2026-03-18
ARI incidence,BG,2026-03-22,2,quantile,0.4,1176.0413412173948,2026-03-18
ARI incidence,BG,2026-03-29,3,quantile,0.4,1098.2206765341496,2026-03-18
ARI incidence,BG,2026-04-05,4,quantile,0.4,753.2313359077335,2026-03-18
ARI incidence,BG,2026-03-15,1,quantile,0.45,1147.805921153246,2026-03-18
ARI incidence,BG,2026-03-22,2,quantile,0.45,1180.8480177427105,2026-03-18
ARI incidence,BG,2026-03-29,3,quantile,0.45,1111.7945139004999,2026-03-18
ARI incidence,BG,2026-04-05,4,quantile,0.45,782.7032105680862,2026-03-18
ARI incidence,BG,2026-03-15,1,quantile,0.5,1162.15407044519,2026-03-18
ARI incidence,BG,2026-03-22,2,quantile,0.5,1191.1181579662593,2026-03-18
ARI incidence,BG,2026-03-29,3,quantile,0.5,1157.353102547497,2026-03-18
ARI incidence,BG,2026-04-05,4,quantile,0.5,787.3805825787549,2026-03-18
ARI incidence,BG,2026-03-15,1,quantile,0.55,1178.460631637438,2026-03-18
ARI incidence,BG,2026-03-22,2,quantile,0.55,1204.215870202913,2026-03-18
ARI incidence,BG,2026-03-29,3,quantile,0.55,1193.9873638669621,2026-03-18
ARI incidence,BG,2026-04-05,4,quantile,0.55,838.9010222877188,2026-03-18
ARI incidence,BG,2026-03-15,1,quantile,0.6,1190.097245961455,2026-03-18
ARI incidence,BG,2026-03-22,2,quantile,0.6,1216.0115945554521,2026-03-18
ARI incidence,BG,2026-03-29,3,quantile,0.6,1223.4083279545116,2026-03-18
ARI incidence,BG,2026-04-05,4,quantile,0.6,867.2198264621304,2026-03-18
ARI incidence,BG,2026-03-15,1,quantile,0.65,1208.1061059375131,2026-03-18
ARI incidence,BG,2026-03-22,2,quantile,0.65,1230.0196795222034,2026-03-18
ARI incidence,BG,2026-03-29,3,quantile,0.65,1251.6312349948473,2026-03-18
ARI incidence,BG,2026-04-05,4,quantile,0.65,891.5840676695224,2026-03-18
ARI incidence,BG,2026-03-15,1,quantile,0.7,1218.8867014153823,2026-03-18
ARI incidence,BG,2026-03-22,2,quantile,0.7,1246.041873714234,2026-03-18
ARI incidence,BG,2026-03-29,3,quantile,0.7,1266.9660406065784,2026-03-18
ARI incidence,BG,2026-04-05,4,quantile,0.7,916.5843056689572,2026-03-18
ARI incidence,BG,2026-03-15,1,quantile,0.75,1237.784153687962,2026-03-18
ARI incidence,BG,2026-03-22,2,quantile,0.75,1267.9306265658904,2026-03-18
ARI incidence,BG,2026-03-29,3,quantile,0.75,1295.718290045484,2026-03-18
ARI incidence,BG,2026-04-05,4,quantile,0.75,948.684068066084,2026-03-18
ARI incidence,BG,2026-03-15,1,quantile,0.8,1263.2820502836632,2026-03-18
ARI incidence,BG,2026-03-22,2,quantile,0.8,1289.1326254265093,2026-03-18
ARI incidence,BG,2026-03-29,3,quantile,0.8,1317.9953244349072,2026-03-18
ARI incidence,BG,2026-04-05,4,quantile,0.8,986.7071660903715,2026-03-18
ARI incidence,BG,2026-03-15,1,quantile,0.85,1301.4232869016748,2026-03-18
ARI incidence,BG,2026-03-22,2,quantile,0.85,1312.2052695616921,2026-03-18
ARI incidence,BG,2026-03-29,3,quantile,0.85,1330.5547752394737,2026-03-18
ARI incidence,BG,2026-04-05,4,quantile,0.85,1036.4154738088,2026-03-18
ARI incidence,BG,2026-03-15,1,quantile,0.9,1337.8663737001934,2026-03-18
ARI incidence,BG,2026-03-22,2,quantile,0.9,1332.8393641404125,2026-03-18
ARI incidence,BG,2026-03-29,3,quantile,0.9,1394.3799446727198,2026-03-18
ARI incidence,BG,2026-04-05,4,quantile,0.9,1043.3628701640419,2026-03-18
ARI incidence,BG,2026-03-15,1,quantile,0.95,1394.84585945902,2026-03-18
ARI incidence,BG,2026-03-22,2,quantile,0.95,1416.5398795274066,2026-03-18
ARI incidence,BG,2026-03-29,3,quantile,0.95,1528.466297590265,2026-03-18
ARI incidence,BG,2026-04-05,4,quantile,0.95,1210.5301971339525,2026-03-18
ARI incidence,BG,2026-03-15,1,quantile,0.975,1505.730798356268,2026-03-18
ARI incidence,BG,2026-03-22,2,quantile,0.975,1533.3496917741795,2026-03-18
ARI incidence,BG,2026-03-29,3,quantile,0.975,1649.1797574183854,2026-03-18
ARI incidence,BG,2026-04-05,4,quantile,0.975,1288.022066446406,2026-03-18
ARI incidence,BG,2026-03-15,1,quantile,0.99,1743.7669896740233,2026-03-18
ARI incidence,BG,2026-03-22,2,quantile,0.99,1744.9720266406755,2026-03-18
ARI incidence,BG,2026-03-29,3,quantile,0.99,1792.5338618813591,2026-03-18
ARI incidence,BG,2026-04-05,4,quantile,0.99,1614.7388709677507,2026-03-18
ARI incidence,BG,2026-03-15,1,median,,1162.15407044519,2026-03-18
ARI incidence,BG,2026-03-22,2,median,,1191.1181579662593,2026-03-18
ARI incidence,BG,2026-03-29,3,median,,1157.353102547497,2026-03-18
ARI incidence,BG,2026-04-05,4,median,,787.3805825787549,2026-03-18
ARI incidence,DE,2026-03-15,1,quantile,0.01,318.4208134419523,2026-03-18
ARI incidence,DE,2026-03-22,2,quantile,0.01,362.81997401229404,2026-03-18
ARI incidence,DE,2026-03-29,3,quantile,0.01,762.5017867316789,2026-03-18
ARI incidence,DE,2026-04-05,4,quantile,0.01,580.6589337128559,2026-03-18
ARI incidence,DE,2026-03-15,1,quantile,0.025,503.0426538004002,2026-03-18
ARI incidence,DE,2026-03-22,2,quantile,0.025,694.2418384882261,2026-03-18
ARI incidence,DE,2026-03-29,3,quantile,0.025,787.5214606041807,2026-03-18
ARI incidence,DE,2026-04-05,4,quantile,0.025,624.0942584857576,2026-03-18
ARI incidence,DE,2026-03-15,1,quantile,0.05,780.4045138980059,2026-03-18
ARI incidence,DE,2026-03-22,2,quantile,0.05,763.2559684709734,2026-03-18
ARI incidence,DE,2026-03-29,3,quantile,0.05,847.5541811787682,2026-03-18
ARI incidence,DE,2026-04-05,4,quantile,0.05,670.8501028832661,2026-03-18
ARI incidence,DE,2026-03-15,1,quantile,0.1,816.6851595443361,2026-03-18
ARI incidence,DE,2026-03-22,2,quantile,0.1,847.6788352963126,2026-03-18
ARI incidence,DE,2026-03-29,3,quantile,0.1,984.6574158084123,2026-03-18
ARI incidence,DE,2026-04-05,4,quantile,0.1,744.1830937651556,2026-03-18
ARI incidence,DE,2026-03-15,1,quantile,0.15,827.2362912841985,2026-03-18
ARI incidence,DE,2026-03-22,2,quantile,0.15,961.3331130117773,2026-03-18
ARI incidence,DE,2026-03-29,3,quantile,0.15,1098.9812368545083,2026-03-18
ARI incidence,DE,2026-04-05,4,quantile,0.15,802.970225423688,2026-03-18
ARI incidence,DE,2026-03-15,1,quantile,0.2,842.5081494126464,2026-03-18
ARI incidence,DE,2026-03-22,2,quantile,0.2,1014.9466966326485,2026-03-18
ARI incidence,DE,2026-03-29,3,quantile,0.2,1171.252305151972,2026-03-18
ARI incidence,DE,2026-04-05,4,quantile,0.2,885.0111866620247,2026-03-18
ARI incidence,DE,2026-03-15,1,quantile,0.25,961.5448931521792,2026-03-18
ARI incidence,DE,2026-03-22,2,quantile,0.25,1053.4513616634654,2026-03-18
ARI incidence,DE,2026-03-29,3,quantile,0.25,1223.5215699195921,2026-03-18
ARI incidence,DE,2026-04-05,4,quantile,0.25,987.1135640191678,2026-03-18
ARI incidence,DE,2026-03-15,1,quantile,0.3,1003.1491497993073,2026-03-18
ARI incidence,DE,2026-03-22,2,quantile,0.3,1105.8154355578224,2026-03-18
ARI incidence,DE,2026-03-29,3,quantile,0.3,1260.1964571585925,2026-03-18
ARI incidence,DE,2026-04-05,4,quantile,0.3,1061.9739155817444,2026-03-18
ARI incidence,DE,2026-03-15,1,quantile,0.35,1064.1234380122085,2026-03-18
ARI incidence,DE,2026-03-22,2,quantile,0.35,1149.8003239650604,2026-03-18
ARI incidence,DE,2026-03-29,3,quantile,0.35,1304.2938869877348,2026-03-18
ARI incidence,DE,2026-04-05,4,quantile,0.35,1102.756610279628,2026-03-18
ARI incidence,DE,2026-03-15,1,quantile,0.4,1098.7703740471013,2026-03-18
ARI incidence,DE,2026-03-22,2,quantile,0.4,1184.8778156428527,2026-03-18
ARI incidence,DE,2026-03-29,3,quantile,0.4,1323.5782951539027,2026-03-18
ARI incidence,DE,2026-04-05,4,quantile,0.4,1126.153054314746,2026-03-18
ARI incidence,DE,2026-03-15,1,quantile,0.45,1130.2025052779607,2026-03-18
ARI incidence,DE,2026-03-22,2,quantile,0.45,1222.6002389677358,2026-03-18
ARI incidence,DE,2026-03-29,3,quantile,0.45,1360.367325082932,2026-03-18
ARI incidence,DE,2026-04-05,4,quantile,0.45,1146.4233315947265,2026-03-18
ARI incidence,DE,2026-03-15,1,quantile,0.5,1157.6537790307457,2026-03-18
ARI incidence,DE,2026-03-22,2,quantile,0.5,1252.674570636364,2026-03-18
ARI incidence,DE,2026-03-29,3,quantile,0.5,1399.651824852568,2026-03-18
ARI incidence,DE,2026-04-05,4,quantile,0.5,1163.3705430078376,2026-03-18
ARI incidence,DE,2026-03-15,1,quantile,0.55,1175.9541471803109,2026-03-18
ARI incidence,DE,2026-03-22,2,quantile,0.55,1277.609594356407,2026-03-18
ARI incidence,DE,2026-03-29,3,quantile,0.55,1453.6534850019693,2026-03-18
ARI incidence,DE,2026-04-05,4,quantile,0.55,1192.0684082382181,2026-03-18
ARI incidence,DE,2026-03-15,1,quantile,0.6,1192.941345143873,2026-03-18
ARI incidence,DE,2026-03-22,2,quantile,0.6,1305.0881041406424,2026-03-18
ARI incidence,DE,2026-03-29,3,quantile,0.6,1485.9213302710143,2026-03-18
ARI incidence,DE,2026-04-05,4,quantile,0.6,1236.505427480776,2026-03-18
ARI incidence,DE,2026-03-15,1,quantile,0.65,1220.2817882571383,2026-03-18
ARI incidence,DE,2026-03-22,2,quantile,0.65,1326.2884468376324,2026-03-18
ARI incidence,DE,2026-03-29,3,quantile,0.65,1500.2802420718012,2026-03-18
ARI incidence,DE,2026-04-05,4,quantile,0.65,1249.5137745667212,2026-03-18
ARI incidence,DE,2026-03-15,1,quantile,0.7,1286.3348391176798,2026-03-18
ARI incidence,DE,2026-03-22,2,quantile,0.7,1351.4098631891036,2026-03-18
ARI incidence,DE,2026-03-29,3,quantile,0.7,1548.478156333343,2026-03-18
ARI incidence,DE,2026-04-05,4,quantile,0.7,1318.7373591566063,2026-03-18
ARI incidence,DE,2026-03-15,1,quantile,0.75,1394.0557718747193,2026-03-18
ARI incidence,DE,2026-03-22,2,quantile,0.75,1389.9961644926134,2026-03-18
ARI incidence,DE,2026-03-29,3,quantile,0.75,1599.5025561134496,2026-03-18
ARI incidence,DE,2026-04-05,4,quantile,0.75,1438.615543041013,2026-03-18
ARI incidence,DE,2026-03-15,1,quantile,0.8,1459.6640322237588,2026-03-18
ARI incidence,DE,2026-03-22,2,quantile,0.8,1440.004519020357,2026-03-18
ARI incidence,DE,2026-03-29,3,quantile,0.8,1631.243557307685,2026-03-18
ARI incidence,DE,2026-04-05,4,quantile,0.8,1515.259171907888,2026-03-18
ARI incidence,DE,2026-03-15,1,quantile,0.85,1500.006501416123,2026-03-18
ARI incidence,DE,2026-03-22,2,quantile,0.85,1504.0350904325464,2026-03-18
ARI incidence,DE,2026-03-29,3,quantile,0.85,1679.8389657783912,2026-03-18
ARI incidence,DE,2026-04-05,4,quantile,0.85,1639.3619080833166,2026-03-18
ARI incidence,DE,2026-03-15,1,quantile,0.9,1534.9314492219623,2026-03-18
ARI incidence,DE,2026-03-22,2,quantile,0.9,1575.495925105339,2026-03-18
ARI incidence,DE,2026-03-29,3,quantile,0.9,1720.39804517107,2026-03-18
ARI incidence,DE,2026-04-05,4,quantile,0.9,1736.0700533643155,2026-03-18
ARI incidence,DE,2026-03-15,1,quantile,0.95,1607.6489308925034,2026-03-18
ARI incidence,DE,2026-03-22,2,quantile,0.95,1641.3107798883132,2026-03-18
ARI incidence,DE,2026-03-29,3,quantile,0.95,1766.8416705014165,2026-03-18
ARI incidence,DE,2026-04-05,4,quantile,0.95,1795.904613756291,2026-03-18
ARI incidence,DE,2026-03-15,1,quantile,0.975,1681.117780124171,2026-03-18
ARI incidence,DE,2026-03-22,2,quantile,0.975,1682.6855313062513,2026-03-18
ARI incidence,DE,2026-03-29,3,quantile,0.975,1893.934754178759,2026-03-18
ARI incidence,DE,2026-04-05,4,quantile,0.975,1836.5921984627182,2026-03-18
ARI incidence,DE,2026-03-15,1,quantile,0.99,1843.0270821361064,2026-03-18
ARI incidence,DE,2026-03-22,2,quantile,0.99,1720.233480996918,2026-03-18
ARI incidence,DE,2026-03-29,3,quantile,0.99,2263.275476727235,2026-03-18
ARI incidence,DE,2026-04-05,4,quantile,0.99,2149.706083473237,2026-03-18
ARI incidence,DE,2026-03-15,1,median,,1157.6537790307457,2026-03-18
ARI incidence,DE,2026-03-22,2,median,,1252.674570636364,2026-03-18
ARI incidence,DE,2026-03-29,3,median,,1399.651824852568,2026-03-18
ARI incidence,DE,2026-04-05,4,median,,1163.3705430078376,2026-03-18
ARI incidence,LT,2026-03-15,1,quantile,0.01,198.533359299485,2026-03-18
ARI incidence,LT,2026-03-22,2,quantile,0.01,0.0,2026-03-18
ARI incidence,LT,2026-03-29,3,quantile,0.01,69.36590566785713,2026-03-18
ARI incidence,LT,2026-04-05,4,quantile,0.01,215.3221394575906,2026-03-18
ARI incidence,LT,2026-03-15,1,quantile,0.025,363.345628281053,2026-03-18
ARI incidence,LT,2026-03-22,2,quantile,0.025,175.53680663883694,2026-03-18
ARI incidence,LT,2026-03-29,3,quantile,0.025,140.95376428323897,2026-03-18
ARI incidence,LT,2026-04-05,4,quantile,0.025,259.901368042489,2026-03-18
ARI incidence,LT,2026-03-15,1,quantile,0.05,408.1762427759612,2026-03-18
ARI incidence,LT,2026-03-22,2,quantile,0.05,231.9510434452361,2026-03-18
ARI incidence,LT,2026-03-29,3,quantile,0.05,215.55325066775922,2026-03-18
ARI incidence,LT,2026-04-05,4,quantile,0.05,331.06619490513896,2026-03-18
ARI incidence,LT,2026-03-15,1,quantile,0.1,490.0568981882544,2026-03-18
ARI incidence,LT,2026-03-22,2,quantile,0.1,275.9063915420138,2026-03-18
ARI incidence,LT,2026-03-29,3,quantile,0.1,266.5779052469127,2026-03-18
ARI incidence,LT,2026-04-05,4,quantile,0.1,426.0816410356969,2026-03-18
ARI incidence,LT,2026-03-15,1,quantile,0.15,525.8053913764091,2026-03-18
ARI incidence,LT,2026-03-22,2,quantile,0.15,315.4871225477324,2026-03-18
ARI incidence,LT,2026-03-29,3,quantile,0.15,308.56779616453093,2026-03-18
ARI incidence,LT,2026-04-05,4,quantile,0.15,470.3467940319741,2026-03-18
ARI incidence,LT,2026-03-15,1,quantile,0.2,557.0446260476352,2026-03-18
ARI incidence,LT,2026-03-22,2,quantile,0.2,359.1585505801849,2026-03-18
ARI incidence,LT,2026-03-29,3,quantile,0.2,317.7251863342932,2026-03-18
ARI incidence,LT,2026-04-05,4,quantile,0.2,502.7183276905044,2026-03-18
ARI incidence,LT,2026-03-15,1,quantile,0.25,580.5242924277363,2026-03-18
ARI incidence,LT,2026-03-22,2,quantile,0.25,386.9404358079174,2026-03-18
ARI incidence,LT,2026-03-29,3,quantile,0.25,336.24590191768874,2026-03-18
ARI incidence,LT,2026-04-05,4,quantile,0.25,529.3697406776262,2026-03-18
ARI incidence,LT,2026-03-15,1,quantile,0.3,594.3951786003449,2026-03-18
ARI incidence,LT,2026-03-22,2,quantile,0.3,409.6735086874619,2026-03-18
ARI incidence,LT,2026-03-29,3,quantile,0.3,341.41778762625836,2026-03-18
ARI incidence,LT,2026-04-05,4,quantile,0.3,546.0190353113708,2026-03-18
ARI incidence,LT,2026-03-15,1,quantile,0.35,611.4529459998652,2026-03-18
ARI incidence,LT,2026-03-22,2,quantile,0.35,431.66842817391506,2026-03-18
ARI incidence,LT,2026-03-29,3,quantile,0.35,352.9459295947749,2026-03-18
ARI incidence,LT,2026-04-05,4,quantile,0.35,568.3248382664332,2026-03-18
ARI incidence,LT,2026-03-15,1,quantile,0.4,628.0477000998818,2026-03-18
ARI incidence,LT,2026-03-22,2,quantile,0.4,447.7807825822975,2026-03-18
ARI incidence,LT,2026-03-29,3,quantile,0.4,364.548687837715,2026-03-18
ARI incidence,LT,2026-04-05,4,quantile,0.4,588.869820164923,2026-03-18
ARI incidence,LT,2026-03-15,1,quantile,0.45,678.2449215331379,2026-03-18
ARI incidence,LT,2026-03-22,2,quantile,0.45,471.9358040467793,2026-03-18
ARI incidence,LT,2026-03-29,3,quantile,0.45,398.0063301820384,2026-03-18
ARI incidence,LT,2026-04-05,4,quantile,0.45,609.3789784058954,2026-03-18
ARI incidence,LT,2026-03-15,1,quantile,0.5,736.5541097720522,2026-03-18
ARI incidence,LT,2026-03-22,2,quantile,0.5,496.5093494820334,2026-03-18
ARI incidence,LT,2026-03-29,3,quantile,0.5,441.66753618077814,2026-03-18
ARI incidence,LT,2026-04-05,4,quantile,0.5,627.119557423238,2026-03-18
ARI incidence,LT,2026-03-15,1,quantile,0.55,768.460883879297,2026-03-18
ARI incidence,LT,2026-03-22,2,quantile,0.55,514.2931148139172,2026-03-18
ARI incidence,LT,2026-03-29,3,quantile,0.55,493.9567373887052,2026-03-18
ARI incidence,LT,2026-04-05,4,quantile,0.55,653.5319604422327,2026-03-18
ARI incidence,LT,2026-03-15,1,quantile,0.6,789.7376796170767,2026-03-18
ARI incidence,LT,2026-03-22,2,quantile,0.6,550.8546631074131,2026-03-18
ARI incidence,LT,2026-03-29,3,quantile,0.6,534.3754838152756,2026-03-18
ARI incidence,LT,2026-04-05,4,quantile,0.6,679.6362780783404,2026-03-18
ARI incidence,LT,2026-03-15,1,quantile,0.65,811.5999410425137,2026-03-18
ARI incidence,LT,2026-03-22,2,quantile,0.65,616.0124434664081,2026-03-18
ARI incidence,LT,2026-03-29,3,quantile,0.65,586.0995793067451,2026-03-18
ARI incidence,LT,2026-04-05,4,quantile,0.65,702.927507415017,2026-03-18
ARI incidence,LT,2026-03-15,1,quantile,0.7,844.944803826559,2026-03-18
ARI incidence,LT,2026-03-22,2,quantile,0.7,646.7478348662157,2026-03-18
ARI incidence,LT,2026-03-29,3,quantile,0.7,624.1785686482011,2026-03-18
ARI incidence,LT,2026-04-05,4,quantile,0.7,722.2962600032628,2026-03-18
ARI incidence,LT,2026-03-15,1,quantile,0.75,875.2216027192203,2026-03-18
ARI incidence,LT,2026-03-22,2,quantile,0.75,664.8167446627281,2026-03-18
ARI incidence,LT,2026-03-29,3,quantile,0.75,651.8397666389509,2026-03-18
ARI incidence,LT,2026-04-05,4,quantile,0.75,746.9963989119229,2026-03-18
ARI incidence,LT,2026-03-15,1,quantile,0.8,902.539819524106,2026-03-18
ARI incidence,LT,2026-03-22,2,quantile,0.8,717.1896032555139,2026-03-18
ARI incidence,LT,2026-03-29,3,quantile,0.8,730.6247833099733,2026-03-18
ARI incidence,LT,2026-04-05,4,quantile,0.8,779.3055896372241,2026-03-18
ARI incidence,LT,2026-03-15,1,quantile,0.85,960.5831074147835,2026-03-18
ARI incidence,LT,2026-03-22,2,quantile,0.85,820.3975032633986,2026-03-18
ARI incidence,LT,2026-03-29,3,quantile,0.85,799.5433886877906,2026-03-18
ARI incidence,LT,2026-04-05,4,quantile,0.85,807.0574096224608,2026-03-18
ARI incidence,LT,2026-03-15,1,quantile,0.9,1013.2956927768265,2026-03-18
ARI incidence,LT,2026-03-22,2,quantile,0.9,902.4539483240115,2026-03-18
ARI incidence,LT,2026-03-29,3,quantile,0.9,824.7880225148053,2026-03-18
ARI incidence,LT,2026-04-05,4,quantile,0.9,841.6595981788956,2026-03-18
ARI incidence,LT,2026-03-15,1,quantile,0.95,1051.3686143357775,2026-03-18
ARI incidence,LT,2026-03-22,2,quantile,0.95,1085.3142014319226,2026-03-18
ARI incidence,LT,2026-03-29,3,quantile,0.95,838.900092699636,2026-03-18
ARI incidence,LT,2026-04-05,4,quantile,0.95,914.0522913427445,2026-03-18
ARI incidence,LT,2026-03-15,1,quantile,0.975,1092.4195664179942,2026-03-18
ARI incidence,LT,2026-03-22,2,quantile,0.975,1215.9507787990065,2026-03-18
ARI incidence,LT,2026-03-29,3,quantile,0.975,843.1372511770704,2026-03-18
ARI incidence,LT,2026-04-05,4,quantile,0.975,1010.565982564021,2026-03-18
ARI incidence,LT,2026-03-15,1,quantile,0.99,1116.1542054403149,2026-03-18
ARI incidence,LT,2026-03-22,2,quantile,0.99,1310.7038737236405,2026-03-18
ARI incidence,LT,2026-03-29,3,quantile,0.99,856.5804897408561,2026-03-18
ARI incidence,LT,2026-04-05,4,quantile,0.99,1103.7074383187087,2026-03-18
ARI incidence,LT,2026-03-15,1,median,,736.5541097720522,2026-03-18
ARI incidence,LT,2026-03-22,2,median,,496.5093494820334,2026-03-18
ARI incidence,LT,2026-03-29,3,median,,441.66753618077814,2026-03-18
ARI incidence,LT,2026-04-05,4,median,,627.119557423238,2026-03-18
ARI incidence,LU,2026-03-15,1,quantile,0.01,883.0621001245307,2026-03-18
ARI incidence,LU,2026-03-22,2,quantile,0.01,4748.238624736259,2026-03-18
ARI incidence,LU,2026-03-29,3,quantile,0.01,3384.5193871931738,2026-03-18
ARI incidence,LU,2026-04-05,4,quantile,0.01,425.46383015135143,2026-03-18
ARI incidence,LU,2026-03-15,1,quantile,0.025,8811.921578925356,2026-03-18
ARI incidence,LU,2026-03-22,2,quantile,0.025,6123.638993970895,2026-03-18
ARI incidence,LU,2026-03-29,3,quantile,0.025,3778.3313943744934,2026-03-18
ARI incidence,LU,2026-04-05,4,quantile,0.025,3396.147496471233,2026-03-18
ARI incidence,LU,2026-03-15,1,quantile,0.05,9062.151276074519,2026-03-18
ARI incidence,LU,2026-03-22,2,quantile,0.05,7280.356893527551,2026-03-18
ARI incidence,LU,2026-03-29,3,quantile,0.05,4690.412905500868,2026-03-18
ARI incidence,LU,2026-04-05,4,quantile,0.05,5574.368223363404,2026-03-18
ARI incidence,LU,2026-03-15,1,quantile,0.1,9538.87785610147,2026-03-18
ARI incidence,LU,2026-03-22,2,quantile,0.1,8933.884255748617,2026-03-18
ARI incidence,LU,2026-03-29,3,quantile,0.1,5445.438768077219,2026-03-18
ARI incidence,LU,2026-04-05,4,quantile,0.1,6442.010930125233,2026-03-18
ARI incidence,LU,2026-03-15,1,quantile,0.15,9885.0274039096,2026-03-18
ARI incidence,LU,2026-03-22,2,quantile,0.15,9563.529899109912,2026-03-18
ARI incidence,LU,2026-03-29,3,quantile,0.15,6226.756831189225,2026-03-18
ARI incidence,LU,2026-04-05,4,quantile,0.15,7670.534094493871,2026-03-18
ARI incidence,LU,2026-03-15,1,quantile,0.2,10275.477507560872,2026-03-18
ARI incidence,LU,2026-03-22,2,quantile,0.2,10012.781681648621,2026-03-18
ARI incidence,LU,2026-03-29,3,quantile,0.2,7230.595593642536,2026-03-18
ARI incidence,LU,2026-04-05,4,quantile,0.2,7928.020581410917,2026-03-18
ARI incidence,LU,2026-03-15,1,quantile,0.25,10831.074588898726,2026-03-18
ARI incidence,LU,2026-03-22,2,quantile,0.25,10609.284517596976,2026-03-18
ARI incidence,LU,2026-03-29,3,quantile,0.25,7610.882881171638,2026-03-18
ARI incidence,LU,2026-04-05,4,quantile,0.25,8131.130505312936,2026-03-18
ARI incidence,LU,2026-03-15,1,quantile,0.3,11501.678631163528,2026-03-18
ARI incidence,LU,2026-03-22,2,quantile,0.3,11074.38890327859,2026-03-18
ARI incidence,LU,2026-03-29,3,quantile,0.3,8150.23436542248,2026-03-18
ARI incidence,LU,2026-04-05,4,quantile,0.3,8614.334427026997,2026-03-18
ARI incidence,LU,2026-03-15,1,quantile,0.35,12045.806861313078,2026-03-18
ARI incidence,LU,2026-03-22,2,quantile,0.35,11456.38045420192,2026-03-18
ARI incidence,LU,2026-03-29,3,quantile,0.35,8583.313698968012,2026-03-18
ARI incidence,LU,2026-04-05,4,quantile,0.35,9075.972694132186,2026-03-18
ARI incidence,LU,2026-03-15,1,quantile,0.4,12402.566604485777,2026-03-18
ARI incidence,LU,2026-03-22,2,quantile,0.4,11694.116596025517,2026-03-18
ARI incidence,LU,2026-03-29,3,quantile,0.4,8980.884091637428,2026-03-18
ARI incidence,LU,2026-04-05,4,quantile,0.4,9299.160247337139,2026-03-18
ARI incidence,LU,2026-03-15,1,quantile,0.45,12615.4180628853,2026-03-18
ARI incidence,LU,2026-03-22,2,quantile,0.45,11918.463094007175,2026-03-18
ARI incidence,LU,2026-03-29,3,quantile,0.45,9241.414180684884,2026-03-18
ARI incidence,LU,2026-04-05,4,quantile,0.45,9471.118143488407,2026-03-18
ARI incidence,LU,2026-03-15,1,quantile,0.5,12955.810167069432,2026-03-18
ARI incidence,LU,2026-03-22,2,quantile,0.5,12251.664197167407,2026-03-18
ARI incidence,LU,2026-03-29,3,quantile,0.5,9778.25775982716,2026-03-18
ARI incidence,LU,2026-04-05,4,quantile,0.5,9590.744501399155,2026-03-18
ARI incidence,LU,2026-03-15,1,quantile,0.55,13600.905613223395,2026-03-18
ARI incidence,LU,2026-03-22,2,quantile,0.55,12629.858276140494,2026-03-18
ARI incidence,LU,2026-03-29,3,quantile,0.55,10281.439729053756,2026-03-18
ARI incidence,LU,2026-04-05,4,quantile,0.55,9706.713138370267,2026-03-18
ARI incidence,LU,2026-03-15,1,quantile,0.6,14345.6711763374,2026-03-18
ARI incidence,LU,2026-03-22,2,quantile,0.6,12751.538173379433,2026-03-18
ARI incidence,LU,2026-03-29,3,quantile,0.6,10652.985555166832,2026-03-18
ARI incidence,LU,2026-04-05,4,quantile,0.6,9814.913876171628,2026-03-18
ARI incidence,LU,2026-03-15,1,quantile,0.65,15320.00781635471,2026-03-18
ARI incidence,LU,2026-03-22,2,quantile,0.65,12956.015630190666,2026-03-18
ARI incidence,LU,2026-03-29,3,quantile,0.65,11167.838149669724,2026-03-18
ARI incidence,LU,2026-04-05,4,quantile,0.65,9937.250420475844,2026-03-18
ARI incidence,LU,2026-03-15,1,quantile,0.7,15838.988798055821,2026-03-18
ARI incidence,LU,2026-03-22,2,quantile,0.7,13159.439208135085,2026-03-18
ARI incidence,LU,2026-03-29,3,quantile,0.7,11585.030435633887,2026-03-18
ARI incidence,LU,2026-04-05,4,quantile,0.7,10376.573980694891,2026-03-18
ARI incidence,LU,2026-03-15,1,quantile,0.75,15892.54705812276,2026-03-18
ARI incidence,LU,2026-03-22,2,quantile,0.75,13700.745899154965,2026-03-18
ARI incidence,LU,2026-03-29,3,quantile,0.75,11700.745767866618,2026-03-18
ARI incidence,LU,2026-04-05,4,quantile,0.75,10857.970268446024,2026-03-18
ARI incidence,LU,2026-03-15,1,quantile,0.8,15993.912587397588,2026-03-18
ARI incidence,LU,2026-03-22,2,quantile,0.8,14315.704679192448,2026-03-18
ARI incidence,LU,2026-03-29,3,quantile,0.8,12103.048596687915,2026-03-18
ARI incidence,LU,2026-04-05,4,quantile,0.8,11380.398808939217,2026-03-18
ARI incidence,LU,2026-03-15,1,quantile,0.85,16910.534866037204,2026-03-18
ARI incidence,LU,2026-03-22,2,quantile,0.85,14844.881050968315,2026-03-18
ARI incidence,LU,2026-03-29,3,quantile,0.85,12397.874799365278,2026-03-18
ARI incidence,LU,2026-04-05,4,quantile,0.85,11953.052606225583,2026-03-18
ARI incidence,LU,2026-03-15,1,quantile,0.9,17777.032953243513,2026-03-18
ARI incidence,LU,2026-03-22,2,quantile,0.9,15602.525325331171,2026-03-18
ARI incidence,LU,2026-03-29,3,quantile,0.9,13017.157153762952,2026-03-18
ARI incidence,LU,2026-04-05,4,quantile,0.9,12408.728709446232,2026-03-18
ARI incidence,LU,2026-03-15,1,quantile,0.95,18275.63310092873,2026-03-18
ARI incidence,LU,2026-03-22,2,quantile,0.95,17771.574039042964,2026-03-18
ARI incidence,LU,2026-03-29,3,quantile,0.95,13594.766290411433,2026-03-18
ARI incidence,LU,2026-04-05,4,quantile,0.95,12942.195835562457,2026-03-18
ARI incidence,LU,2026-03-15,1,quantile,0.975,18638.52480429335,2026-03-18
ARI incidence,LU,2026-03-22,2,quantile,0.975,19796.937723138122,2026-03-18
ARI incidence,LU,2026-03-29,3,quantile,0.975,13747.995482628514,2026-03-18
ARI incidence,LU,2026-04-05,4,quantile,0.975,14166.022275839268,2026-03-18
ARI incidence,LU,2026-03-15,1,quantile,0.99,18770.07126816964,2026-03-18
ARI incidence,LU,2026-03-22,2,quantile,0.99,32985.45494820853,2026-03-18
ARI incidence,LU,2026-03-29,3,quantile,0.99,13871.73453334182,2026-03-18
ARI incidence,LU,2026-04-05,4,quantile,0.99,15857.556760946905,2026-03-18
ARI incidence,LU,2026-03-15,1,median,,12955.810167069432,2026-03-18
ARI incidence,LU,2026-03-22,2,median,,12251.664197167407,2026-03-18
ARI incidence,LU,2026-03-29,3,median,,9778.25775982716,2026-03-18
ARI incidence,LU,2026-04-05,4,median,,9590.744501399155,2026-03-18
ARI incidence,SI,2026-03-15,1,quantile,0.01,247.17718095459296,2026-03-18
ARI incidence,SI,2026-03-22,2,quantile,0.01,262.52665166634694,2026-03-18
ARI incidence,SI,2026-03-29,3,quantile,0.01,263.26711107875866,2026-03-18
ARI incidence,SI,2026-04-05,4,quantile,0.01,0.0,2026-03-18
ARI incidence,SI,2026-03-15,1,quantile,0.025,293.83253378911,2026-03-18
ARI incidence,SI,2026-03-22,2,quantile,0.025,348.820753174516,2026-03-18
ARI incidence,SI,2026-03-29,3,quantile,0.025,563.9216847839886,2026-03-18
ARI incidence,SI,2026-04-05,4,quantile,0.025,119.32390214452936,2026-03-18
ARI incidence,SI,2026-03-15,1,quantile,0.05,550.7932546934969,2026-03-18
ARI incidence,SI,2026-03-22,2,quantile,0.05,466.85496836542114,2026-03-18
ARI incidence,SI,2026-03-29,3,quantile,0.05,849.695045713886,2026-03-18
ARI incidence,SI,2026-04-05,4,quantile,0.05,506.31509783678706,2026-03-18
ARI incidence,SI,2026-03-15,1,quantile,0.1,758.6114795010839,2026-03-18
ARI incidence,SI,2026-03-22,2,quantile,0.1,667.348991151682,2026-03-18
ARI incidence,SI,2026-03-29,3,quantile,0.1,894.0222631167156,2026-03-18
ARI incidence,SI,2026-04-05,4,quantile,0.1,661.7150891384042,2026-03-18
ARI incidence,SI,2026-03-15,1,quantile,0.15,841.185878765562,2026-03-18
ARI incidence,SI,2026-03-22,2,quantile,0.15,877.661773227756,2026-03-18
ARI incidence,SI,2026-03-29,3,quantile,0.15,971.6586094131712,2026-03-18
ARI incidence,SI,2026-04-05,4,quantile,0.15,763.7900801692416,2026-03-18
ARI incidence,SI,2026-03-15,1,quantile,0.2,891.8712077390948,2026-03-18
ARI incidence,SI,2026-03-22,2,quantile,0.2,951.9982944803471,2026-03-18
ARI incidence,SI,2026-03-29,3,quantile,0.2,1024.2847481678689,2026-03-18
ARI incidence,SI,2026-04-05,4,quantile,0.2,859.3653720474349,2026-03-18
ARI incidence,SI,2026-03-15,1,quantile,0.25,943.0917485180046,2026-03-18
ARI incidence,SI,2026-03-22,2,quantile,0.25,1028.7791172247532,2026-03-18
ARI incidence,SI,2026-03-29,3,quantile,0.25,1061.654385482704,2026-03-18
ARI incidence,SI,2026-04-05,4,quantile,0.25,920.4949832596934,2026-03-18
ARI incidence,SI,2026-03-15,1,quantile,0.3,987.094514638169,2026-03-18
ARI incidence,SI,2026-03-22,2,quantile,0.3,1082.6625984854682,2026-03-18
ARI incidence,SI,2026-03-29,3,quantile,0.3,1082.0725081434168,2026-03-18
ARI incidence,SI,2026-04-05,4,quantile,0.3,985.6812185800644,2026-03-18
ARI incidence,SI,2026-03-15,1,quantile,0.35,1044.3049718562108,2026-03-18
ARI incidence,SI,2026-03-22,2,quantile,0.35,1129.853496232262,2026-03-18
ARI incidence,SI,2026-03-29,3,quantile,0.35,1114.4505912212771,2026-03-18
ARI incidence,SI,2026-04-05,4,quantile,0.35,1049.3299256553078,2026-03-18
ARI incidence,SI,2026-03-15,1,quantile,0.4,1093.8805371567107,2026-03-18
ARI incidence,SI,2026-03-22,2,quantile,0.4,1153.5330070546177,2026-03-18
ARI incidence,SI,2026-03-29,3,quantile,0.4,1156.5623616730422,2026-03-18
ARI incidence,SI,2026-04-05,4,quantile,0.4,1101.0643181127625,2026-03-18
ARI incidence,SI,2026-03-15,1,quantile,0.45,1148.8633209618313,2026-03-18
ARI incidence,SI,2026-03-22,2,quantile,0.45,1177.173232969944,2026-03-18
ARI incidence,SI,2026-03-29,3,quantile,0.45,1192.6058389333416,2026-03-18
ARI incidence,SI,2026-04-05,4,quantile,0.45,1145.8771815926755,2026-03-18
ARI incidence,SI,2026-03-15,1,quantile,0.5,1204.6986804955927,2026-03-18
ARI incidence,SI,2026-03-22,2,quantile,0.5,1201.2333604285268,2026-03-18
ARI incidence,SI,2026-03-29,3,quantile,0.5,1229.5470085212764,2026-03-18
ARI incidence,SI,2026-04-05,4,quantile,0.5,1201.9312592587482,2026-03-18
ARI incidence,SI,2026-03-15,1,quantile,0.55,1294.6677657855223,2026-03-18
ARI incidence,SI,2026-03-22,2,quantile,0.55,1234.0817595026026,2026-03-18
ARI incidence,SI,2026-03-29,3,quantile,0.55,1271.8727161697952,2026-03-18
ARI incidence,SI,2026-04-05,4,quantile,0.55,1236.6141164447001,2026-03-18
ARI incidence,SI,2026-03-15,1,quantile,0.6,1377.1098583121814,2026-03-18
ARI incidence,SI,2026-03-22,2,quantile,0.6,1261.7869693952694,2026-03-18
ARI incidence,SI,2026-03-29,3,quantile,0.6,1318.4041291984506,2026-03-18
ARI incidence,SI,2026-04-05,4,quantile,0.6,1247.1851251386465,2026-03-18
ARI incidence,SI,2026-03-15,1,quantile,0.65,1454.9234066470563,2026-03-18
ARI incidence,SI,2026-03-22,2,quantile,0.65,1281.3622051696998,2026-03-18
ARI incidence,SI,2026-03-29,3,quantile,0.65,1343.952611548637,2026-03-18
ARI incidence,SI,2026-04-05,4,quantile,0.65,1260.9075526371296,2026-03-18
ARI incidence,SI,2026-03-15,1,quantile,0.7,1483.6248700661513,2026-03-18
ARI incidence,SI,2026-03-22,2,quantile,0.7,1323.6389819369274,2026-03-18
ARI incidence,SI,2026-03-29,3,quantile,0.7,1358.9811629275302,2026-03-18
ARI incidence,SI,2026-04-05,4,quantile,0.7,1297.0551660477738,2026-03-18
ARI incidence,SI,2026-03-15,1,quantile,0.75,1578.7142887065206,2026-03-18
ARI incidence,SI,2026-03-22,2,quantile,0.75,1380.2856274475519,2026-03-18
ARI incidence,SI,2026-03-29,3,quantile,0.75,1395.5775316316697,2026-03-18
ARI incidence,SI,2026-04-05,4,quantile,0.75,1332.214228837928,2026-03-18
ARI incidence,SI,2026-03-15,1,quantile,0.8,1646.9820018907196,2026-03-18
ARI incidence,SI,2026-03-22,2,quantile,0.8,1428.151013827468,2026-03-18
ARI incidence,SI,2026-03-29,3,quantile,0.8,1441.5443072083629,2026-03-18
ARI incidence,SI,2026-04-05,4,quantile,0.8,1365.154695874462,2026-03-18
ARI incidence,SI,2026-03-15,1,quantile,0.85,1697.6521095399291,2026-03-18
ARI incidence,SI,2026-03-22,2,quantile,0.85,1604.4193861573415,2026-03-18
ARI incidence,SI,2026-03-29,3,quantile,0.85,1458.8240332317648,2026-03-18
ARI incidence,SI,2026-04-05,4,quantile,0.85,1453.0874886202998,2026-03-18
ARI incidence,SI,2026-03-15,1,quantile,0.9,1792.1896217068725,2026-03-18
ARI incidence,SI,2026-03-22,2,quantile,0.9,1721.0821785188916,2026-03-18
ARI incidence,SI,2026-03-29,3,quantile,0.9,1479.0038742434815,2026-03-18
ARI incidence,SI,2026-04-05,4,quantile,0.9,1547.7512455299068,2026-03-18
ARI incidence,SI,2026-03-15,1,quantile,0.95,1861.291095979188,2026-03-18
ARI incidence,SI,2026-03-22,2,quantile,0.95,1937.0582501589427,2026-03-18
ARI incidence,SI,2026-03-29,3,quantile,0.95,1709.1704734419136,2026-03-18
ARI incidence,SI,2026-04-05,4,quantile,0.95,1669.6208151980686,2026-03-18
ARI incidence,SI,2026-03-15,1,quantile,0.975,2115.0230166689826,2026-03-18
ARI incidence,SI,2026-03-22,2,quantile,0.975,2095.1120827636732,2026-03-18
ARI incidence,SI,2026-03-29,3,quantile,0.975,1859.5082426955794,2026-03-18
ARI incidence,SI,2026-04-05,4,quantile,0.975,1806.4482871367159,2026-03-18
ARI incidence,SI,2026-03-15,1,quantile,0.99,2458.834994616849,2026-03-18
ARI incidence,SI,2026-03-22,2,quantile,0.99,2263.306183854082,2026-03-18
ARI incidence,SI,2026-03-29,3,quantile,0.99,2949.7045970760378,2026-03-18
ARI incidence,SI,2026-04-05,4,quantile,0.99,1869.8181841972291,2026-03-18
ARI incidence,SI,2026-03-15,1,median,,1204.6986804955927,2026-03-18
ARI incidence,SI,2026-03-22,2,median,,1201.2333604285268,2026-03-18
ARI incidence,SI,2026-03-29,3,median,,1229.5470085212764,2026-03-18
ARI incidence,SI,2026-04-05,4,median,,1201.9312592587482,2026-03-18
